country_code,month,inflation_yoy
AT,1997-01,1.2
AT,1997-02,1.4
AT,1997-03,1.2
AT,1997-04,1.2
AT,1997-05,1.3
AT,1997-06,1.0
AT,1997-07,0.9
AT,1997-08,1.3
AT,1997-09,1.2
AT,1997-10,1.1
AT,1997-11,1.1
AT,1997-12,1.0
AT,1998-01,1.2
AT,1998-02,1.0
AT,1998-03,1.0
AT,1998-04,1.2
AT,1998-05,1.0
AT,1998-06,0.8
AT,1998-07,0.8
AT,1998-08,0.7
AT,1998-09,0.6
AT,1998-10,0.7
AT,1998-11,0.5
AT,1998-12,0.5
AT,1999-01,0.3
AT,1999-02,0.2
AT,1999-03,0.2
AT,1999-04,0.1
AT,1999-05,0.4
AT,1999-06,0.2
AT,1999-07,0.3
AT,1999-08,0.5
AT,1999-09,0.6
AT,1999-10,0.8
AT,1999-11,1.0
AT,1999-12,1.7
AT,2000-01,1.4
AT,2000-02,1.9
AT,2000-03,1.9
AT,2000-04,1.8
AT,2000-05,1.6
AT,2000-06,2.4
AT,2000-07,1.9
AT,2000-08,1.9
AT,2000-09,2.3
AT,2000-10,2.2
AT,2000-11,2.3
AT,2000-12,1.8
AT,2001-01,2.3
AT,2001-02,1.8
AT,2001-03,1.9
AT,2001-04,2.6
AT,2001-05,2.9
AT,2001-06,2.6
AT,2001-07,2.8
AT,2001-08,2.4
AT,2001-09,2.4
AT,2001-10,2.3
AT,2001-11,1.9
AT,2001-12,1.8
AT,2002-01,1.9
AT,2002-02,1.7
AT,2002-03,1.7
AT,2002-04,1.7
AT,2002-05,1.6
AT,2002-06,1.5
AT,2002-07,1.5
AT,2002-08,2.0
AT,2002-09,1.6
AT,2002-10,1.6
AT,2002-11,1.7
AT,2002-12,1.7
AT,2003-01,1.7
AT,2003-02,1.7
AT,2003-03,1.8
AT,2003-04,1.3
AT,2003-05,1.0
AT,2003-06,1.0
AT,2003-07,1.0
AT,2003-08,1.0
AT,2003-09,1.3
AT,2003-10,1.1
AT,2003-11,1.3
AT,2003-12,1.3
AT,2004-01,1.2
AT,2004-02,1.5
AT,2004-03,1.6
AT,2004-04,1.6
AT,2004-05,2.1
AT,2004-06,2.3
AT,2004-07,2.1
AT,2004-08,2.2
AT,2004-09,1.8
AT,2004-10,2.3
AT,2004-11,2.3
AT,2004-12,2.5
AT,2005-01,2.4
AT,2005-02,2.3
AT,2005-03,2.4
AT,2005-04,2.3
AT,2005-05,1.9
AT,2005-06,2.0
AT,2005-07,2.1
AT,2005-08,1.9
AT,2005-09,2.5
AT,2005-10,2.1
AT,2005-11,1.7
AT,2005-12,1.5
AT,2006-01,1.5
AT,2006-02,1.5
AT,2006-03,1.3
AT,2006-04,2.1
AT,2006-05,2.1
AT,2006-06,1.9
AT,2006-07,1.9
AT,2006-08,2.1
AT,2006-09,1.4
AT,2006-10,1.2
AT,2006-11,1.5
AT,2006-12,1.6
AT,2007-01,1.7
AT,2007-02,1.7
AT,2007-03,1.9
AT,2007-04,1.8
AT,2007-05,1.9
AT,2007-06,1.9
AT,2007-07,2.0
AT,2007-08,1.7
AT,2007-09,2.1
AT,2007-10,2.9
AT,2007-11,3.2
AT,2007-12,3.5
AT,2008-01,3.1
AT,2008-02,3.1
AT,2008-03,3.5
AT,2008-04,3.4
AT,2008-05,3.8
AT,2008-06,4.0
AT,2008-07,3.8
AT,2008-08,3.6
AT,2008-09,3.7
AT,2008-10,3.0
AT,2008-11,2.3
AT,2008-12,1.5
AT,2009-01,1.2
AT,2009-02,1.3
AT,2009-03,0.6
AT,2009-04,0.5
AT,2009-05,0.1
AT,2009-06,-0.3
AT,2009-07,-0.4
AT,2009-08,0.2
AT,2009-09,0.0
AT,2009-10,0.1
AT,2009-11,0.6
AT,2009-12,1.1
AT,2010-01,1.2
AT,2010-02,0.9
AT,2010-03,1.8
AT,2010-04,1.8
AT,2010-05,1.7
AT,2010-06,1.8
AT,2010-07,1.7
AT,2010-08,1.6
AT,2010-09,1.7
AT,2010-10,2.0
AT,2010-11,1.8
AT,2010-12,2.2
AT,2011-01,2.5
AT,2011-02,3.2
AT,2011-03,3.3
AT,2011-04,3.7
AT,2011-05,3.7
AT,2011-06,3.7
AT,2011-07,3.8
AT,2011-08,3.7
AT,2011-09,3.9
AT,2011-10,3.8
AT,2011-11,3.8
AT,2011-12,3.4
AT,2012-01,2.9
AT,2012-02,2.6
AT,2012-03,2.6
AT,2012-04,2.3
AT,2012-05,2.2
AT,2012-06,2.2
AT,2012-07,2.1
AT,2012-08,2.3
AT,2012-09,2.8
AT,2012-10,2.9
AT,2012-11,2.9
AT,2012-12,2.9
AT,2013-01,2.8
AT,2013-02,2.6
AT,2013-03,2.4
AT,2013-04,2.1
AT,2013-05,2.4
AT,2013-06,2.2
AT,2013-07,2.1
AT,2013-08,2.0
AT,2013-09,1.8
AT,2013-10,1.5
AT,2013-11,1.5
AT,2013-12,2.0
AT,2014-01,1.5
AT,2014-02,1.5
AT,2014-03,1.5
AT,2014-04,1.6
AT,2014-05,1.5
AT,2014-06,1.7
AT,2014-07,1.7
AT,2014-08,1.5
AT,2014-09,1.4
AT,2014-10,1.4
AT,2014-11,1.5
AT,2014-12,0.8
AT,2015-01,0.5
AT,2015-02,0.5
AT,2015-03,0.9
AT,2015-04,0.9
AT,2015-05,1.0
AT,2015-06,1.0
AT,2015-07,1.1
AT,2015-08,1.0
AT,2015-09,0.6
AT,2015-10,0.7
AT,2015-11,0.5
AT,2015-12,1.1
AT,2016-01,1.4
AT,2016-02,1.0
AT,2016-03,0.7
AT,2016-04,0.6
AT,2016-05,0.6
AT,2016-06,0.6
AT,2016-07,0.6
AT,2016-08,0.6
AT,2016-09,1.1
AT,2016-10,1.4
AT,2016-11,1.5
AT,2016-12,1.6
AT,2017-01,2.1
AT,2017-02,2.4
AT,2017-03,2.1
AT,2017-04,2.3
AT,2017-05,2.1
AT,2017-06,2.0
AT,2017-07,2.0
AT,2017-08,2.1
AT,2017-09,2.5
AT,2017-10,2.4
AT,2017-11,2.4
AT,2017-12,2.3
AT,2018-01,1.9
AT,2018-02,1.9
AT,2018-03,2.0
AT,2018-04,2.0
AT,2018-05,2.1
AT,2018-06,2.3
AT,2018-07,2.3
AT,2018-08,2.3
AT,2018-09,2.1
AT,2018-10,2.4
AT,2018-11,2.3
AT,2018-12,1.7
AT,2019-01,1.7
AT,2019-02,1.4
AT,2019-03,1.7
AT,2019-04,1.7
AT,2019-05,1.7
AT,2019-06,1.6
AT,2019-07,1.4
AT,2019-08,1.5
AT,2019-09,1.2
AT,2019-10,1.0
AT,2019-11,1.2
AT,2019-12,1.8
AT,2020-01,2.2
AT,2020-02,2.2
AT,2020-03,1.6
AT,2020-04,1.5
AT,2020-05,0.6
AT,2020-06,1.1
AT,2020-07,1.8
AT,2020-08,1.4
AT,2020-09,1.2
AT,2020-10,1.1
AT,2020-11,1.1
AT,2020-12,1.0
AT,2021-01,1.1
AT,2021-02,1.4
AT,2021-03,2.0
AT,2021-04,1.9
AT,2021-05,3.0
AT,2021-06,2.8
AT,2021-07,2.8
AT,2021-08,3.2
AT,2021-09,3.3
AT,2021-10,3.8
AT,2021-11,4.1
AT,2021-12,3.8
AT,2022-01,4.5
AT,2022-02,5.5
AT,2022-03,6.6
AT,2022-04,7.1
AT,2022-05,7.7
AT,2022-06,8.7
AT,2022-07,9.4
AT,2022-08,9.3
AT,2022-09,11.0
AT,2022-10,11.6
AT,2022-11,11.2
AT,2022-12,10.5
AT,2023-01,11.6
AT,2023-02,11.0
AT,2023-03,9.2
AT,2023-04,9.4
AT,2023-05,8.7
AT,2023-06,7.8
AT,2023-07,7.0
AT,2023-08,7.5
AT,2023-09,5.8
AT,2023-10,4.9
AT,2023-11,4.9
AT,2023-12,5.7
AT,2024-01,4.3
AT,2024-02,4.0
AT,2024-03,4.1
AT,2024-04,3.4
AT,2024-05,3.3
AT,2024-06,3.1
AT,2024-07,2.9
AT,2024-08,2.4
AT,2024-09,1.8
AT,2024-10,1.8
AT,2024-11,1.9
AT,2024-12,2.1
AT,2025-01,3.4
AT,2025-02,3.4
AT,2025-03,3.1
AT,2025-04,3.3
AT,2025-05,3.0
AT,2025-06,3.2
AT,2025-07,3.7
AT,2025-08,4.1
AT,2025-09,3.9
AT,2025-10,4.0
AT,2025-11,4.0
AT,2025-12,3.8
BE,1997-01,2.1
BE,1997-02,1.9
BE,1997-03,1.3
BE,1997-04,1.1
BE,1997-05,1.4
BE,1997-06,1.6
BE,1997-07,1.9
BE,1997-08,1.7
BE,1997-09,1.6
BE,1997-10,1.2
BE,1997-11,1.3
BE,1997-12,0.9
BE,1998-01,0.5
BE,1998-02,0.8
BE,1998-03,1.0
BE,1998-04,1.3
BE,1998-05,1.3
BE,1998-06,1.2
BE,1998-07,1.2
BE,1998-08,1.0
BE,1998-09,0.8
BE,1998-10,0.7
BE,1998-11,0.6
BE,1998-12,0.7
BE,1999-01,1.0
BE,1999-02,1.0
BE,1999-03,1.3
BE,1999-04,1.1
BE,1999-05,0.8
BE,1999-06,0.7
BE,1999-07,0.7
BE,1999-08,0.9
BE,1999-09,1.3
BE,1999-10,1.4
BE,1999-11,1.6
BE,1999-12,2.1
BE,2000-01,0.3
BE,2000-02,2.1
BE,2000-03,2.5
BE,2000-04,2.3
BE,2000-05,2.4
BE,2000-06,3.0
BE,2000-07,1.7
BE,2000-08,3.5
BE,2000-09,4.0
BE,2000-10,3.7
BE,2000-11,3.7
BE,2000-12,3.0
BE,2001-01,2.7
BE,2001-02,2.5
BE,2001-03,2.2
BE,2001-04,2.9
BE,2001-05,3.2
BE,2001-06,3.0
BE,2001-07,2.7
BE,2001-08,2.5
BE,2001-09,1.9
BE,2001-10,2.0
BE,2001-11,1.8
BE,2001-12,1.9
BE,2002-01,2.6
BE,2002-02,2.5
BE,2002-03,2.5
BE,2002-04,1.7
BE,2002-05,1.3
BE,2002-06,0.8
BE,2002-07,1.2
BE,2002-08,1.2
BE,2002-09,1.2
BE,2002-10,1.2
BE,2002-11,1.1
BE,2002-12,1.3
BE,2003-01,1.2
BE,2003-02,1.7
BE,2003-03,1.7
BE,2003-04,1.5
BE,2003-05,0.9
BE,2003-06,1.5
BE,2003-07,1.4
BE,2003-08,1.7
BE,2003-09,1.7
BE,2003-10,1.5
BE,2003-11,1.8
BE,2003-12,1.6
BE,2004-01,1.4
BE,2004-02,1.1
BE,2004-03,0.9
BE,2004-04,1.7
BE,2004-05,2.4
BE,2004-06,2.0
BE,2004-07,2.0
BE,2004-08,2.0
BE,2004-09,1.8
BE,2004-10,2.6
BE,2004-11,2.3
BE,2004-12,2.0
BE,2005-01,2.0
BE,2005-02,2.3
BE,2005-03,2.8
BE,2005-04,2.5
BE,2005-05,2.3
BE,2005-06,2.7
BE,2005-07,2.7
BE,2005-08,2.9
BE,2005-09,2.9
BE,2005-10,2.3
BE,2005-11,2.4
BE,2005-12,2.8
BE,2006-01,2.7
BE,2006-02,2.9
BE,2006-03,2.1
BE,2006-04,2.5
BE,2006-05,2.8
BE,2006-06,2.5
BE,2006-07,2.4
BE,2006-08,2.3
BE,2006-09,1.9
BE,2006-10,1.7
BE,2006-11,2.0
BE,2006-12,2.1
BE,2007-01,1.7
BE,2007-02,1.8
BE,2007-03,1.8
BE,2007-04,1.8
BE,2007-05,1.3
BE,2007-06,1.3
BE,2007-07,1.3
BE,2007-08,1.1
BE,2007-09,1.4
BE,2007-10,2.2
BE,2007-11,2.9
BE,2007-12,3.1
BE,2008-01,3.5
BE,2008-02,3.6
BE,2008-03,4.4
BE,2008-04,4.1
BE,2008-05,5.1
BE,2008-06,5.8
BE,2008-07,5.9
BE,2008-08,5.4
BE,2008-09,5.5
BE,2008-10,4.8
BE,2008-11,3.2
BE,2008-12,2.7
BE,2009-01,2.1
BE,2009-02,1.9
BE,2009-03,0.6
BE,2009-04,0.7
BE,2009-05,-0.2
BE,2009-06,-1.1
BE,2009-07,-1.7
BE,2009-08,-0.7
BE,2009-09,-1.0
BE,2009-10,-0.9
BE,2009-11,0.0
BE,2009-12,0.3
BE,2010-01,0.8
BE,2010-02,0.8
BE,2010-03,1.9
BE,2010-04,2.0
BE,2010-05,2.5
BE,2010-06,2.7
BE,2010-07,2.4
BE,2010-08,2.4
BE,2010-09,2.9
BE,2010-10,3.1
BE,2010-11,3.0
BE,2010-12,3.4
BE,2011-01,3.5
BE,2011-02,3.5
BE,2011-03,3.3
BE,2011-04,3.1
BE,2011-05,2.9
BE,2011-06,3.3
BE,2011-07,4.0
BE,2011-08,3.4
BE,2011-09,3.2
BE,2011-10,3.2
BE,2011-11,3.5
BE,2011-12,3.2
BE,2012-01,3.3
BE,2012-02,3.4
BE,2012-03,3.1
BE,2012-04,2.9
BE,2012-05,2.6
BE,2012-06,2.2
BE,2012-07,2.0
BE,2012-08,2.6
BE,2012-09,2.6
BE,2012-10,2.7
BE,2012-11,2.2
BE,2012-12,2.1
BE,2013-01,1.5
BE,2013-02,1.5
BE,2013-03,1.4
BE,2013-04,1.2
BE,2013-05,1.2
BE,2013-06,1.6
BE,2013-07,1.6
BE,2013-08,1.1
BE,2013-09,1.0
BE,2013-10,0.7
BE,2013-11,0.9
BE,2013-12,1.2
BE,2014-01,1.1
BE,2014-02,0.8
BE,2014-03,0.8
BE,2014-04,0.8
BE,2014-05,0.7
BE,2014-06,0.6
BE,2014-07,0.5
BE,2014-08,0.4
BE,2014-09,0.2
BE,2014-10,0.3
BE,2014-11,0.1
BE,2014-12,-0.4
BE,2015-01,-0.6
BE,2015-02,-0.4
BE,2015-03,-0.1
BE,2015-04,0.4
BE,2015-05,0.8
BE,2015-06,0.9
BE,2015-07,0.9
BE,2015-08,0.8
BE,2015-09,0.9
BE,2015-10,1.2
BE,2015-11,1.4
BE,2015-12,1.5
BE,2016-01,1.8
BE,2016-02,1.1
BE,2016-03,1.6
BE,2016-04,1.5
BE,2016-05,1.6
BE,2016-06,1.8
BE,2016-07,2.0
BE,2016-08,2.0
BE,2016-09,1.8
BE,2016-10,1.9
BE,2016-11,1.7
BE,2016-12,2.2
BE,2017-01,3.1
BE,2017-02,3.3
BE,2017-03,2.5
BE,2017-04,2.7
BE,2017-05,1.9
BE,2017-06,1.5
BE,2017-07,1.8
BE,2017-08,2.0
BE,2017-09,2.0
BE,2017-10,1.8
BE,2017-11,2.1
BE,2017-12,2.1
BE,2018-01,1.8
BE,2018-02,1.5
BE,2018-03,1.5
BE,2018-04,1.6
BE,2018-05,2.3
BE,2018-06,2.6
BE,2018-07,2.7
BE,2018-08,2.6
BE,2018-09,2.8
BE,2018-10,3.2
BE,2018-11,2.9
BE,2018-12,2.2
BE,2019-01,1.8
BE,2019-02,2.0
BE,2019-03,2.2
BE,2019-04,2.0
BE,2019-05,1.7
BE,2019-06,1.3
BE,2019-07,1.2
BE,2019-08,0.9
BE,2019-09,0.6
BE,2019-10,0.2
BE,2019-11,0.4
BE,2019-12,0.9
BE,2020-01,1.4
BE,2020-02,1.0
BE,2020-03,0.4
BE,2020-04,0.0
BE,2020-05,-0.2
BE,2020-06,0.2
BE,2020-07,1.7
BE,2020-08,-0.9
BE,2020-09,0.5
BE,2020-10,0.4
BE,2020-11,0.2
BE,2020-12,0.4
BE,2021-01,0.6
BE,2021-02,0.3
BE,2021-03,1.6
BE,2021-04,2.1
BE,2021-05,2.5
BE,2021-06,2.6
BE,2021-07,1.4
BE,2021-08,4.7
BE,2021-09,3.8
BE,2021-10,5.4
BE,2021-11,7.1
BE,2021-12,6.6
BE,2022-01,8.5
BE,2022-02,9.5
BE,2022-03,9.3
BE,2022-04,9.3
BE,2022-05,9.9
BE,2022-06,10.5
BE,2022-07,10.4
BE,2022-08,10.5
BE,2022-09,12.1
BE,2022-10,13.1
BE,2022-11,10.5
BE,2022-12,10.2
BE,2023-01,7.4
BE,2023-02,5.4
BE,2023-03,4.9
BE,2023-04,3.3
BE,2023-05,2.7
BE,2023-06,1.6
BE,2023-07,1.7
BE,2023-08,2.4
BE,2023-09,0.7
BE,2023-10,-1.7
BE,2023-11,-0.8
BE,2023-12,0.5
BE,2024-01,1.5
BE,2024-02,3.6
BE,2024-03,3.8
BE,2024-04,4.9
BE,2024-05,4.9
BE,2024-06,5.4
BE,2024-07,5.4
BE,2024-08,4.3
BE,2024-09,4.3
BE,2024-10,4.5
BE,2024-11,4.8
BE,2024-12,4.4
BE,2025-01,4.4
BE,2025-02,4.4
BE,2025-03,3.6
BE,2025-04,3.1
BE,2025-05,2.8
BE,2025-06,2.9
BE,2025-07,2.6
BE,2025-08,2.6
BE,2025-09,2.7
BE,2025-10,2.5
BE,2025-11,2.6
BE,2025-12,2.2
BG,1997-12,547.7
BG,1998-01,344.2
BG,1998-02,31.4
BG,1998-03,22.1
BG,1998-04,23.1
BG,1998-05,18.8
BG,1998-06,13.0
BG,1998-07,9.5
BG,1998-08,4.1
BG,1998-09,3.5
BG,1998-10,3.0
BG,1998-11,1.4
BG,1998-12,1.6
BG,1999-01,1.9
BG,1999-02,-0.1
BG,1999-03,-1.2
BG,1999-04,-2.2
BG,1999-05,-1.5
BG,1999-06,1.2
BG,1999-07,5.4
BG,1999-08,5.8
BG,1999-09,4.1
BG,1999-10,4.9
BG,1999-11,6.0
BG,1999-12,7.0
BG,2000-01,7.0
BG,2000-02,8.9
BG,2000-03,9.6
BG,2000-04,9.2
BG,2000-05,10.3
BG,2000-06,11.6
BG,2000-07,8.6
BG,2000-08,11.0
BG,2000-09,11.9
BG,2000-10,11.9
BG,2000-11,12.3
BG,2000-12,11.3
BG,2001-01,9.3
BG,2001-02,8.5
BG,2001-03,8.9
BG,2001-04,9.8
BG,2001-05,9.7
BG,2001-06,9.4
BG,2001-07,8.5
BG,2001-08,5.7
BG,2001-09,4.7
BG,2001-10,5.2
BG,2001-11,4.6
BG,2001-12,4.8
BG,2002-01,7.0
BG,2002-02,8.4
BG,2002-03,9.1
BG,2002-04,9.2
BG,2002-05,6.9
BG,2002-06,5.2
BG,2002-07,5.5
BG,2002-08,4.5
BG,2002-09,4.0
BG,2002-10,3.2
BG,2002-11,3.2
BG,2002-12,3.8
BG,2003-01,1.7
BG,2003-02,0.2
BG,2003-03,-0.1
BG,2003-04,0.3
BG,2003-05,1.7
BG,2003-06,1.3
BG,2003-07,2.0
BG,2003-08,3.5
BG,2003-09,3.6
BG,2003-10,3.3
BG,2003-11,5.1
BG,2003-12,5.6
BG,2004-01,6.4
BG,2004-02,6.6
BG,2004-03,6.1
BG,2004-04,6.1
BG,2004-05,6.8
BG,2004-06,7.3
BG,2004-07,7.6
BG,2004-08,6.3
BG,2004-09,6.3
BG,2004-10,5.8
BG,2004-11,4.5
BG,2004-12,4.0
BG,2005-01,3.2
BG,2005-02,3.8
BG,2005-03,4.4
BG,2005-04,5.3
BG,2005-05,5.1
BG,2005-06,6.5
BG,2005-07,6.0
BG,2005-08,7.2
BG,2005-09,7.5
BG,2005-10,8.1
BG,2005-11,8.0
BG,2005-12,7.4
BG,2006-01,7.6
BG,2006-02,9.4
BG,2006-03,9.1
BG,2006-04,8.5
BG,2006-05,9.0
BG,2006-06,8.4
BG,2006-07,7.8
BG,2006-08,7.0
BG,2006-09,5.3
BG,2006-10,5.2
BG,2006-11,5.9
BG,2006-12,6.1
BG,2007-01,6.7
BG,2007-02,4.6
BG,2007-03,4.4
BG,2007-04,4.4
BG,2007-05,4.5
BG,2007-06,5.3
BG,2007-07,6.8
BG,2007-08,9.3
BG,2007-09,11.0
BG,2007-10,10.6
BG,2007-11,11.4
BG,2007-12,11.6
BG,2008-01,11.7
BG,2008-02,12.2
BG,2008-03,13.2
BG,2008-04,13.4
BG,2008-05,14.0
BG,2008-06,14.7
BG,2008-07,14.4
BG,2008-08,11.8
BG,2008-09,11.4
BG,2008-10,11.2
BG,2008-11,8.8
BG,2008-12,7.2
BG,2009-01,6.0
BG,2009-02,5.3
BG,2009-03,4.0
BG,2009-04,3.8
BG,2009-05,3.0
BG,2009-06,2.6
BG,2009-07,1.0
BG,2009-08,1.3
BG,2009-09,0.2
BG,2009-10,0.3
BG,2009-11,0.9
BG,2009-12,1.6
BG,2010-01,1.8
BG,2010-02,1.7
BG,2010-03,2.4
BG,2010-04,3.0
BG,2010-05,3.0
BG,2010-06,2.5
BG,2010-07,3.2
BG,2010-08,3.2
BG,2010-09,3.6
BG,2010-10,3.6
BG,2010-11,4.0
BG,2010-12,4.4
BG,2011-01,4.3
BG,2011-02,4.6
BG,2011-03,4.6
BG,2011-04,3.3
BG,2011-05,3.4
BG,2011-06,3.5
BG,2011-07,3.4
BG,2011-08,3.1
BG,2011-09,2.9
BG,2011-10,3.0
BG,2011-11,2.6
BG,2011-12,2.0
BG,2012-01,1.9
BG,2012-02,2.0
BG,2012-03,1.7
BG,2012-04,2.1
BG,2012-05,1.8
BG,2012-06,1.6
BG,2012-07,2.4
BG,2012-08,3.1
BG,2012-09,3.5
BG,2012-10,3.0
BG,2012-11,2.7
BG,2012-12,2.8
BG,2013-01,2.6
BG,2013-02,2.2
BG,2013-03,1.6
BG,2013-04,0.9
BG,2013-05,1.0
BG,2013-06,1.2
BG,2013-07,0.0
BG,2013-08,-0.7
BG,2013-09,-1.3
BG,2013-10,-1.1
BG,2013-11,-1.0
BG,2013-12,-0.9
BG,2014-01,-1.4
BG,2014-02,-2.1
BG,2014-03,-2.0
BG,2014-04,-1.3
BG,2014-05,-1.8
BG,2014-06,-1.8
BG,2014-07,-1.1
BG,2014-08,-1.0
BG,2014-09,-1.4
BG,2014-10,-1.5
BG,2014-11,-1.9
BG,2014-12,-2.0
BG,2015-01,-2.4
BG,2015-02,-1.7
BG,2015-03,-1.1
BG,2015-04,-0.9
BG,2015-05,-0.3
BG,2015-06,-0.6
BG,2015-07,-1.0
BG,2015-08,-0.8
BG,2015-09,-1.0
BG,2015-10,-1.2
BG,2015-11,-0.9
BG,2015-12,-0.9
BG,2016-01,-0.4
BG,2016-02,-1.0
BG,2016-03,-1.9
BG,2016-04,-2.5
BG,2016-05,-2.5
BG,2016-06,-1.9
BG,2016-07,-1.1
BG,2016-08,-1.1
BG,2016-09,-1.1
BG,2016-10,-1.0
BG,2016-11,-0.8
BG,2016-12,-0.5
BG,2017-01,0.4
BG,2017-02,0.9
BG,2017-03,1.0
BG,2017-04,1.7
BG,2017-05,1.4
BG,2017-06,1.1
BG,2017-07,0.6
BG,2017-08,0.7
BG,2017-09,1.3
BG,2017-10,1.5
BG,2017-11,1.9
BG,2017-12,1.8
BG,2018-01,1.3
BG,2018-02,1.5
BG,2018-03,1.9
BG,2018-04,1.7
BG,2018-05,2.3
BG,2018-06,3.0
BG,2018-07,3.6
BG,2018-08,3.7
BG,2018-09,3.6
BG,2018-10,3.6
BG,2018-11,3.0
BG,2018-12,2.3
BG,2019-01,2.3
BG,2019-02,2.4
BG,2019-03,2.8
BG,2019-04,3.1
BG,2019-05,2.9
BG,2019-06,2.3
BG,2019-07,2.6
BG,2019-08,2.5
BG,2019-09,1.6
BG,2019-10,1.6
BG,2019-11,2.2
BG,2019-12,3.1
BG,2020-01,3.4
BG,2020-02,3.1
BG,2020-03,2.4
BG,2020-04,1.3
BG,2020-05,1.0
BG,2020-06,0.9
BG,2020-07,0.4
BG,2020-08,0.6
BG,2020-09,0.6
BG,2020-10,0.6
BG,2020-11,0.3
BG,2020-12,0.0
BG,2021-01,-0.3
BG,2021-02,0.2
BG,2021-03,0.8
BG,2021-04,2.0
BG,2021-05,2.3
BG,2021-06,2.4
BG,2021-07,2.2
BG,2021-08,2.5
BG,2021-09,4.0
BG,2021-10,5.2
BG,2021-11,6.3
BG,2021-12,6.6
BG,2022-01,7.7
BG,2022-02,8.4
BG,2022-03,10.5
BG,2022-04,12.1
BG,2022-05,13.4
BG,2022-06,14.8
BG,2022-07,14.9
BG,2022-08,15.0
BG,2022-09,15.6
BG,2022-10,14.8
BG,2022-11,14.3
BG,2022-12,14.3
BG,2023-01,14.3
BG,2023-02,13.7
BG,2023-03,12.1
BG,2023-04,10.3
BG,2023-05,8.6
BG,2023-06,7.5
BG,2023-07,7.8
BG,2023-08,7.5
BG,2023-09,6.4
BG,2023-10,5.9
BG,2023-11,5.5
BG,2023-12,5.0
BG,2024-01,3.9
BG,2024-02,3.5
BG,2024-03,3.1
BG,2024-04,2.5
BG,2024-05,2.7
BG,2024-06,2.8
BG,2024-07,2.8
BG,2024-08,2.4
BG,2024-09,1.5
BG,2024-10,2.0
BG,2024-11,2.0
BG,2024-12,2.1
BG,2025-01,3.8
BG,2025-02,3.9
BG,2025-03,4.0
BG,2025-04,2.8
BG,2025-05,2.9
BG,2025-06,3.1
BG,2025-07,3.4
BG,2025-08,3.5
BG,2025-09,4.1
BG,2025-10,3.8
BG,2025-11,3.7
BG,2025-12,3.5
CY,1997-01,2.0
CY,1997-02,3.1
CY,1997-03,3.4
CY,1997-04,4.0
CY,1997-05,2.6
CY,1997-06,2.7
CY,1997-07,3.7
CY,1997-08,3.3
CY,1997-09,3.2
CY,1997-10,3.6
CY,1997-11,4.3
CY,1997-12,3.8
CY,1998-01,2.2
CY,1998-02,3.9
CY,1998-03,1.4
CY,1998-04,1.5
CY,1998-05,2.8
CY,1998-06,3.3
CY,1998-07,1.3
CY,1998-08,3.9
CY,1998-09,4.0
CY,1998-10,2.1
CY,1998-11,0.9
CY,1998-12,0.8
CY,1999-01,1.7
CY,1999-02,0.3
CY,1999-03,1.3
CY,1999-04,0.5
CY,1999-05,0.6
CY,1999-06,0.4
CY,1999-07,1.3
CY,1999-08,-0.5
CY,1999-09,0.2
CY,1999-10,1.7
CY,1999-11,2.6
CY,1999-12,3.5
CY,2000-01,4.4
CY,2000-02,4.7
CY,2000-03,5.2
CY,2000-04,5.9
CY,2000-05,6.0
CY,2000-06,5.2
CY,2000-07,4.7
CY,2000-08,5.6
CY,2000-09,4.6
CY,2000-10,4.2
CY,2000-11,4.2
CY,2000-12,3.7
CY,2001-01,1.6
CY,2001-02,2.8
CY,2001-03,1.5
CY,2001-04,1.7
CY,2001-05,1.7
CY,2001-06,3.1
CY,2001-07,0.9
CY,2001-08,1.8
CY,2001-09,2.2
CY,2001-10,2.7
CY,2001-11,1.8
CY,2001-12,2.1
CY,2002-01,2.2
CY,2002-02,2.3
CY,2002-03,2.0
CY,2002-04,2.3
CY,2002-05,2.3
CY,2002-06,2.1
CY,2002-07,3.8
CY,2002-08,4.1
CY,2002-09,3.4
CY,2002-10,2.7
CY,2002-11,3.1
CY,2002-12,3.1
CY,2003-01,4.5
CY,2003-02,4.8
CY,2003-03,6.4
CY,2003-04,5.6
CY,2003-05,5.0
CY,2003-06,3.7
CY,2003-07,2.6
CY,2003-08,2.4
CY,2003-09,3.3
CY,2003-10,3.7
CY,2003-11,3.7
CY,2003-12,2.3
CY,2004-01,1.6
CY,2004-02,1.4
CY,2004-03,0.0
CY,2004-04,0.1
CY,2004-05,1.2
CY,2004-06,2.4
CY,2004-07,2.9
CY,2004-08,2.8
CY,2004-09,1.8
CY,2004-10,2.0
CY,2004-11,2.6
CY,2004-12,3.8
CY,2005-01,2.8
CY,2005-02,2.4
CY,2005-03,2.4
CY,2005-04,2.8
CY,2005-05,2.0
CY,2005-06,1.5
CY,2005-07,1.3
CY,2005-08,1.5
CY,2005-09,2.1
CY,2005-10,2.2
CY,2005-11,2.0
CY,2005-12,1.4
CY,2006-01,2.0
CY,2006-02,2.3
CY,2006-03,2.6
CY,2006-04,2.5
CY,2006-05,2.5
CY,2006-06,2.6
CY,2006-07,2.8
CY,2006-08,2.8
CY,2006-09,2.3
CY,2006-10,1.6
CY,2006-11,1.4
CY,2006-12,1.5
CY,2007-01,1.4
CY,2007-02,1.2
CY,2007-03,1.4
CY,2007-04,1.6
CY,2007-05,1.9
CY,2007-06,1.7
CY,2007-07,2.3
CY,2007-08,2.3
CY,2007-09,2.3
CY,2007-10,2.7
CY,2007-11,3.2
CY,2007-12,3.7
CY,2008-01,4.1
CY,2008-02,4.7
CY,2008-03,4.4
CY,2008-04,4.3
CY,2008-05,4.6
CY,2008-06,5.2
CY,2008-07,5.3
CY,2008-08,5.1
CY,2008-09,5.0
CY,2008-10,4.8
CY,2008-11,3.1
CY,2008-12,1.8
CY,2009-01,0.9
CY,2009-02,0.6
CY,2009-03,0.9
CY,2009-04,0.6
CY,2009-05,0.5
CY,2009-06,0.1
CY,2009-07,-0.8
CY,2009-08,-0.9
CY,2009-09,-1.2
CY,2009-10,-1.0
CY,2009-11,0.9
CY,2009-12,1.6
CY,2010-01,2.4
CY,2010-02,2.8
CY,2010-03,2.3
CY,2010-04,2.5
CY,2010-05,1.8
CY,2010-06,2.1
CY,2010-07,2.7
CY,2010-08,3.4
CY,2010-09,3.6
CY,2010-10,3.2
CY,2010-11,1.7
CY,2010-12,1.9
CY,2011-01,3.0
CY,2011-02,3.1
CY,2011-03,3.2
CY,2011-04,3.5
CY,2011-05,4.1
CY,2011-06,4.5
CY,2011-07,3.5
CY,2011-08,2.7
CY,2011-09,2.6
CY,2011-10,3.2
CY,2011-11,4.1
CY,2011-12,4.2
CY,2012-01,3.1
CY,2012-02,3.1
CY,2012-03,3.5
CY,2012-04,3.6
CY,2012-05,3.7
CY,2012-06,2.8
CY,2012-07,3.8
CY,2012-08,4.5
CY,2012-09,3.6
CY,2012-10,2.6
CY,2012-11,1.4
CY,2012-12,1.4
CY,2013-01,2.0
CY,2013-02,1.8
CY,2013-03,1.3
CY,2013-04,0.1
CY,2013-05,0.1
CY,2013-06,0.8
CY,2013-07,0.7
CY,2013-08,0.1
CY,2013-09,0.3
CY,2013-10,-0.5
CY,2013-11,-0.8
CY,2013-12,-1.3
CY,2014-01,-1.6
CY,2014-02,-1.3
CY,2014-03,-0.9
CY,2014-04,-0.4
CY,2014-05,-0.1
CY,2014-06,0.0
CY,2014-07,0.9
CY,2014-08,0.8
CY,2014-09,0.0
CY,2014-10,0.3
CY,2014-11,0.0
CY,2014-12,-1.0
CY,2015-01,-0.7
CY,2015-02,-0.8
CY,2015-03,-1.4
CY,2015-04,-1.7
CY,2015-05,-1.7
CY,2015-06,-2.1
CY,2015-07,-2.4
CY,2015-08,-1.9
CY,2015-09,-1.9
CY,2015-10,-1.8
CY,2015-11,-1.5
CY,2015-12,-0.6
CY,2016-01,-1.1
CY,2016-02,-2.2
CY,2016-03,-2.2
CY,2016-04,-2.1
CY,2016-05,-1.9
CY,2016-06,-2.0
CY,2016-07,-0.4
CY,2016-08,-0.6
CY,2016-09,-0.4
CY,2016-10,-1.0
CY,2016-11,-0.8
CY,2016-12,0.1
CY,2017-01,0.7
CY,2017-02,1.4
CY,2017-03,1.5
CY,2017-04,2.1
CY,2017-05,0.9
CY,2017-06,0.9
CY,2017-07,-0.1
CY,2017-08,0.5
CY,2017-09,0.1
CY,2017-10,0.4
CY,2017-11,0.2
CY,2017-12,-0.4
CY,2018-01,-1.5
CY,2018-02,-0.4
CY,2018-03,-0.4
CY,2018-04,-0.3
CY,2018-05,1.0
CY,2018-06,1.7
CY,2018-07,1.4
CY,2018-08,1.7
CY,2018-09,1.7
CY,2018-10,1.9
CY,2018-11,1.6
CY,2018-12,1.0
CY,2019-01,2.1
CY,2019-02,0.8
CY,2019-03,1.1
CY,2019-04,1.2
CY,2019-05,0.2
CY,2019-06,0.3
CY,2019-07,0.1
CY,2019-08,0.6
CY,2019-09,-0.5
CY,2019-10,-0.5
CY,2019-11,0.5
CY,2019-12,0.7
CY,2020-01,0.7
CY,2020-02,1.0
CY,2020-03,0.1
CY,2020-04,-1.2
CY,2020-05,-1.4
CY,2020-06,-2.2
CY,2020-07,-2.0
CY,2020-08,-2.9
CY,2020-09,-1.9
CY,2020-10,-1.4
CY,2020-11,-1.1
CY,2020-12,-0.8
CY,2021-01,-0.8
CY,2021-02,-0.9
CY,2021-03,0.3
CY,2021-04,1.2
CY,2021-05,1.5
CY,2021-06,2.2
CY,2021-07,2.7
CY,2021-08,3.3
CY,2021-09,3.6
CY,2021-10,4.4
CY,2021-11,4.7
CY,2021-12,4.8
CY,2022-01,5.0
CY,2022-02,5.8
CY,2022-03,6.2
CY,2022-04,8.6
CY,2022-05,8.8
CY,2022-06,9.0
CY,2022-07,10.6
CY,2022-08,9.6
CY,2022-09,9.0
CY,2022-10,8.6
CY,2022-11,8.1
CY,2022-12,7.6
CY,2023-01,6.8
CY,2023-02,6.7
CY,2023-03,6.1
CY,2023-04,3.9
CY,2023-05,3.6
CY,2023-06,2.8
CY,2023-07,2.4
CY,2023-08,3.1
CY,2023-09,4.3
CY,2023-10,3.6
CY,2023-11,2.4
CY,2023-12,1.9
CY,2024-01,2.1
CY,2024-02,2.1
CY,2024-03,1.6
CY,2024-04,2.1
CY,2024-05,3.0
CY,2024-06,3.0
CY,2024-07,2.4
CY,2024-08,2.2
CY,2024-09,1.6
CY,2024-10,1.6
CY,2024-11,2.2
CY,2024-12,3.1
CY,2025-01,2.9
CY,2025-02,2.3
CY,2025-03,2.1
CY,2025-04,1.4
CY,2025-05,0.4
CY,2025-06,0.5
CY,2025-07,0.1
CY,2025-08,0.0
CY,2025-09,0.0
CY,2025-10,0.2
CY,2025-11,0.1
CY,2025-12,0.1
CZ,1997-01,7.2
CZ,1997-02,7.0
CZ,1997-03,6.6
CZ,1997-04,6.4
CZ,1997-05,6.0
CZ,1997-06,6.5
CZ,1997-07,8.8
CZ,1997-08,9.4
CZ,1997-09,9.6
CZ,1997-10,9.7
CZ,1997-11,9.7
CZ,1997-12,9.4
CZ,1998-01,12.1
CZ,1998-02,12.4
CZ,1998-03,12.4
CZ,1998-04,12.0
CZ,1998-05,12.0
CZ,1998-06,11.0
CZ,1998-07,9.6
CZ,1998-08,8.4
CZ,1998-09,8.0
CZ,1998-10,7.2
CZ,1998-11,6.4
CZ,1998-12,5.9
CZ,1999-01,3.1
CZ,1999-02,2.5
CZ,1999-03,2.0
CZ,1999-04,2.0
CZ,1999-05,1.9
CZ,1999-06,1.7
CZ,1999-07,0.8
CZ,1999-08,1.1
CZ,1999-09,1.0
CZ,1999-10,1.3
CZ,1999-11,1.9
CZ,1999-12,2.4
CZ,2000-01,3.4
CZ,2000-02,3.5
CZ,2000-03,3.8
CZ,2000-04,3.4
CZ,2000-05,3.7
CZ,2000-06,4.1
CZ,2000-07,4.1
CZ,2000-08,4.2
CZ,2000-09,4.2
CZ,2000-10,4.5
CZ,2000-11,4.3
CZ,2000-12,4.0
CZ,2001-01,4.1
CZ,2001-02,4.0
CZ,2001-03,4.1
CZ,2001-04,4.7
CZ,2001-05,5.1
CZ,2001-06,5.3
CZ,2001-07,5.4
CZ,2001-08,5.1
CZ,2001-09,4.6
CZ,2001-10,4.3
CZ,2001-11,3.9
CZ,2001-12,3.9
CZ,2002-01,3.4
CZ,2002-02,3.4
CZ,2002-03,3.3
CZ,2002-04,2.9
CZ,2002-05,2.1
CZ,2002-06,0.9
CZ,2002-07,0.3
CZ,2002-08,0.3
CZ,2002-09,0.4
CZ,2002-10,0.1
CZ,2002-11,0.3
CZ,2002-12,0.1
CZ,2003-01,-0.8
CZ,2003-02,-0.5
CZ,2003-03,-0.6
CZ,2003-04,-0.4
CZ,2003-05,-0.3
CZ,2003-06,0.0
CZ,2003-07,-0.3
CZ,2003-08,-0.3
CZ,2003-09,0.0
CZ,2003-10,0.4
CZ,2003-11,0.8
CZ,2003-12,1.0
CZ,2004-01,2.1
CZ,2004-02,1.9
CZ,2004-03,2.2
CZ,2004-04,2.0
CZ,2004-05,2.6
CZ,2004-06,2.8
CZ,2004-07,3.1
CZ,2004-08,3.2
CZ,2004-09,2.8
CZ,2004-10,3.2
CZ,2004-11,2.8
CZ,2004-12,2.4
CZ,2005-01,1.5
CZ,2005-02,1.4
CZ,2005-03,1.3
CZ,2005-04,1.4
CZ,2005-05,0.9
CZ,2005-06,1.2
CZ,2005-07,1.4
CZ,2005-08,1.4
CZ,2005-09,2.0
CZ,2005-10,2.4
CZ,2005-11,2.1
CZ,2005-12,2.0
CZ,2006-01,2.5
CZ,2006-02,2.5
CZ,2006-03,2.4
CZ,2006-04,2.3
CZ,2006-05,2.8
CZ,2006-06,2.3
CZ,2006-07,2.3
CZ,2006-08,2.6
CZ,2006-09,2.2
CZ,2006-10,0.8
CZ,2006-11,1.0
CZ,2006-12,1.5
CZ,2007-01,1.3
CZ,2007-02,1.6
CZ,2007-03,2.1
CZ,2007-04,2.5
CZ,2007-05,2.4
CZ,2007-06,2.6
CZ,2007-07,2.6
CZ,2007-08,2.6
CZ,2007-09,2.9
CZ,2007-10,4.0
CZ,2007-11,5.2
CZ,2007-12,5.4
CZ,2008-01,7.9
CZ,2008-02,7.7
CZ,2008-03,7.1
CZ,2008-04,6.8
CZ,2008-05,6.8
CZ,2008-06,6.7
CZ,2008-07,6.8
CZ,2008-08,6.3
CZ,2008-09,6.3
CZ,2008-10,5.8
CZ,2008-11,4.1
CZ,2008-12,3.3
CZ,2009-01,1.4
CZ,2009-02,1.3
CZ,2009-03,1.8
CZ,2009-04,1.2
CZ,2009-05,1.0
CZ,2009-06,0.8
CZ,2009-07,-0.1
CZ,2009-08,0.0
CZ,2009-09,-0.3
CZ,2009-10,-0.5
CZ,2009-11,0.1
CZ,2009-12,0.6
CZ,2010-01,0.2
CZ,2010-02,0.3
CZ,2010-03,0.3
CZ,2010-04,0.9
CZ,2010-05,1.0
CZ,2010-06,0.9
CZ,2010-07,1.6
CZ,2010-08,1.5
CZ,2010-09,1.9
CZ,2010-10,1.7
CZ,2010-11,1.9
CZ,2010-12,2.3
CZ,2011-01,2.0
CZ,2011-02,2.0
CZ,2011-03,1.8
CZ,2011-04,1.6
CZ,2011-05,1.9
CZ,2011-06,2.0
CZ,2011-07,1.9
CZ,2011-08,2.0
CZ,2011-09,2.2
CZ,2011-10,2.7
CZ,2011-11,2.9
CZ,2011-12,2.8
CZ,2012-01,3.8
CZ,2012-02,3.9
CZ,2012-03,4.1
CZ,2012-04,3.9
CZ,2012-05,3.6
CZ,2012-06,3.8
CZ,2012-07,3.4
CZ,2012-08,3.5
CZ,2012-09,3.5
CZ,2012-10,3.6
CZ,2012-11,2.8
CZ,2012-12,2.4
CZ,2013-01,2.0
CZ,2013-02,1.7
CZ,2013-03,1.5
CZ,2013-04,1.7
CZ,2013-05,1.2
CZ,2013-06,1.5
CZ,2013-07,1.4
CZ,2013-08,1.2
CZ,2013-09,1.0
CZ,2013-10,0.8
CZ,2013-11,1.0
CZ,2013-12,1.5
CZ,2014-01,0.3
CZ,2014-02,0.3
CZ,2014-03,0.3
CZ,2014-04,0.1
CZ,2014-05,0.5
CZ,2014-06,0.0
CZ,2014-07,0.5
CZ,2014-08,0.7
CZ,2014-09,0.8
CZ,2014-10,0.8
CZ,2014-11,0.6
CZ,2014-12,0.0
CZ,2015-01,-0.1
CZ,2015-02,0.0
CZ,2015-03,0.1
CZ,2015-04,0.5
CZ,2015-05,0.7
CZ,2015-06,0.9
CZ,2015-07,0.5
CZ,2015-08,0.2
CZ,2015-09,0.3
CZ,2015-10,0.1
CZ,2015-11,0.0
CZ,2015-12,-0.1
CZ,2016-01,0.5
CZ,2016-02,0.5
CZ,2016-03,0.3
CZ,2016-04,0.5
CZ,2016-05,0.0
CZ,2016-06,-0.1
CZ,2016-07,0.5
CZ,2016-08,0.6
CZ,2016-09,0.5
CZ,2016-10,0.8
CZ,2016-11,1.6
CZ,2016-12,2.1
CZ,2017-01,2.3
CZ,2017-02,2.6
CZ,2017-03,2.6
CZ,2017-04,2.1
CZ,2017-05,2.5
CZ,2017-06,2.4
CZ,2017-07,2.4
CZ,2017-08,2.4
CZ,2017-09,2.5
CZ,2017-10,2.8
CZ,2017-11,2.5
CZ,2017-12,2.2
CZ,2018-01,2.1
CZ,2018-02,1.6
CZ,2018-03,1.6
CZ,2018-04,1.8
CZ,2018-05,2.0
CZ,2018-06,2.4
CZ,2018-07,2.2
CZ,2018-08,2.4
CZ,2018-09,2.1
CZ,2018-10,2.0
CZ,2018-11,1.6
CZ,2018-12,1.6
CZ,2019-01,2.0
CZ,2019-02,2.4
CZ,2019-03,2.6
CZ,2019-04,2.4
CZ,2019-05,2.6
CZ,2019-06,2.4
CZ,2019-07,2.6
CZ,2019-08,2.6
CZ,2019-09,2.6
CZ,2019-10,2.6
CZ,2019-11,3.0
CZ,2019-12,3.2
CZ,2020-01,3.8
CZ,2020-02,3.7
CZ,2020-03,3.6
CZ,2020-04,3.3
CZ,2020-05,3.1
CZ,2020-06,3.4
CZ,2020-07,3.6
CZ,2020-08,3.5
CZ,2020-09,3.3
CZ,2020-10,2.9
CZ,2020-11,2.8
CZ,2020-12,2.4
CZ,2021-01,2.2
CZ,2021-02,2.1
CZ,2021-03,2.3
CZ,2021-04,3.1
CZ,2021-05,2.7
CZ,2021-06,2.5
CZ,2021-07,2.7
CZ,2021-08,3.1
CZ,2021-09,4.0
CZ,2021-10,4.8
CZ,2021-11,4.8
CZ,2021-12,5.4
CZ,2022-01,8.8
CZ,2022-02,10.0
CZ,2022-03,11.9
CZ,2022-04,13.2
CZ,2022-05,15.2
CZ,2022-06,16.6
CZ,2022-07,17.3
CZ,2022-08,17.1
CZ,2022-09,17.8
CZ,2022-10,15.5
CZ,2022-11,17.2
CZ,2022-12,16.8
CZ,2023-01,19.1
CZ,2023-02,18.4
CZ,2023-03,16.5
CZ,2023-04,14.3
CZ,2023-05,12.5
CZ,2023-06,11.2
CZ,2023-07,10.2
CZ,2023-08,10.1
CZ,2023-09,8.3
CZ,2023-10,9.5
CZ,2023-11,8.0
CZ,2023-12,7.6
CZ,2024-01,2.7
CZ,2024-02,2.2
CZ,2024-03,2.2
CZ,2024-04,3.1
CZ,2024-05,2.8
CZ,2024-06,2.2
CZ,2024-07,2.5
CZ,2024-08,2.4
CZ,2024-09,2.8
CZ,2024-10,3.0
CZ,2024-11,3.1
CZ,2024-12,3.3
CZ,2025-01,2.9
CZ,2025-02,2.8
CZ,2025-03,2.7
CZ,2025-04,1.7
CZ,2025-05,2.3
CZ,2025-06,2.8
CZ,2025-07,2.5
CZ,2025-08,2.4
CZ,2025-09,2.0
CZ,2025-10,2.3
CZ,2025-11,1.8
CZ,2025-12,1.8
DE,1997-01,1.9
DE,1997-02,1.6
DE,1997-03,1.3
DE,1997-04,1.2
DE,1997-05,1.5
DE,1997-06,1.5
DE,1997-07,1.6
DE,1997-08,1.7
DE,1997-09,1.4
DE,1997-10,1.5
DE,1997-11,1.6
DE,1997-12,1.4
DE,1998-01,0.7
DE,1998-02,0.5
DE,1998-03,0.5
DE,1998-04,0.9
DE,1998-05,0.9
DE,1998-06,0.8
DE,1998-07,0.8
DE,1998-08,0.6
DE,1998-09,0.5
DE,1998-10,0.4
DE,1998-11,0.4
DE,1998-12,0.1
DE,1999-01,0.3
DE,1999-02,0.1
DE,1999-03,0.5
DE,1999-04,0.8
DE,1999-05,0.4
DE,1999-06,0.4
DE,1999-07,0.5
DE,1999-08,0.6
DE,1999-09,0.8
DE,1999-10,0.9
DE,1999-11,1.0
DE,1999-12,1.4
DE,2000-01,1.7
DE,2000-02,1.7
DE,2000-03,1.4
DE,2000-04,1.0
DE,2000-05,0.8
DE,2000-06,1.4
DE,2000-07,1.3
DE,2000-08,1.0
DE,2000-09,1.5
DE,2000-10,1.5
DE,2000-11,1.4
DE,2000-12,2.2
DE,2001-01,1.3
DE,2001-02,1.8
DE,2001-03,1.8
DE,2001-04,2.2
DE,2001-05,2.9
DE,2001-06,2.4
DE,2001-07,2.1
DE,2001-08,2.2
DE,2001-09,1.8
DE,2001-10,1.6
DE,2001-11,1.4
DE,2001-12,1.4
DE,2002-01,2.0
DE,2002-02,1.8
DE,2002-03,1.9
DE,2002-04,1.5
DE,2002-05,1.1
DE,2002-06,0.9
DE,2002-07,1.1
DE,2002-08,1.1
DE,2002-09,1.1
DE,2002-10,1.2
DE,2002-11,1.1
DE,2002-12,1.1
DE,2003-01,1.1
DE,2003-02,1.2
DE,2003-03,1.2
DE,2003-04,1.0
DE,2003-05,0.6
DE,2003-06,1.0
DE,2003-07,0.9
DE,2003-08,1.1
DE,2003-09,1.1
DE,2003-10,1.2
DE,2003-11,1.4
DE,2003-12,1.1
DE,2004-01,1.1
DE,2004-02,0.8
DE,2004-03,1.1
DE,2004-04,1.7
DE,2004-05,2.2
DE,2004-06,1.9
DE,2004-07,1.9
DE,2004-08,2.2
DE,2004-09,1.9
DE,2004-10,2.2
DE,2004-11,1.9
DE,2004-12,2.3
DE,2005-01,1.7
DE,2005-02,1.8
DE,2005-03,1.8
DE,2005-04,1.4
DE,2005-05,1.5
DE,2005-06,1.7
DE,2005-07,1.9
DE,2005-08,1.9
DE,2005-09,2.6
DE,2005-10,2.4
DE,2005-11,2.3
DE,2005-12,2.1
DE,2006-01,2.1
DE,2006-02,2.1
DE,2006-03,1.9
DE,2006-04,2.2
DE,2006-05,2.1
DE,2006-06,2.1
DE,2006-07,2.1
DE,2006-08,1.7
DE,2006-09,0.9
DE,2006-10,1.0
DE,2006-11,1.5
DE,2006-12,1.4
DE,2007-01,1.7
DE,2007-02,1.9
DE,2007-03,2.0
DE,2007-04,2.1
DE,2007-05,2.0
DE,2007-06,2.0
DE,2007-07,2.1
DE,2007-08,1.9
DE,2007-09,2.6
DE,2007-10,2.6
DE,2007-11,3.3
DE,2007-12,3.1
DE,2008-01,3.0
DE,2008-02,3.0
DE,2008-03,3.3
DE,2008-04,2.6
DE,2008-05,3.2
DE,2008-06,3.4
DE,2008-07,3.4
DE,2008-08,3.3
DE,2008-09,3.0
DE,2008-10,2.6
DE,2008-11,1.4
DE,2008-12,1.1
DE,2009-01,1.0
DE,2009-02,1.1
DE,2009-03,0.3
DE,2009-04,0.7
DE,2009-05,-0.1
DE,2009-06,0.0
DE,2009-07,-0.7
DE,2009-08,0.0
DE,2009-09,-0.4
DE,2009-10,-0.1
DE,2009-11,0.3
DE,2009-12,0.9
DE,2010-01,0.7
DE,2010-02,0.4
DE,2010-03,1.2
DE,2010-04,1.0
DE,2010-05,1.2
DE,2010-06,0.9
DE,2010-07,1.2
DE,2010-08,1.0
DE,2010-09,1.2
DE,2010-10,1.3
DE,2010-11,1.5
DE,2010-12,1.8
DE,2011-01,2.0
DE,2011-02,2.3
DE,2011-03,2.4
DE,2011-04,2.7
DE,2011-05,2.5
DE,2011-06,2.4
DE,2011-07,2.6
DE,2011-08,2.5
DE,2011-09,2.8
DE,2011-10,2.8
DE,2011-11,2.7
DE,2011-12,2.2
DE,2012-01,2.4
DE,2012-02,2.6
DE,2012-03,2.3
DE,2012-04,2.2
DE,2012-05,2.1
DE,2012-06,1.9
DE,2012-07,1.9
DE,2012-08,2.3
DE,2012-09,2.2
DE,2012-10,2.1
DE,2012-11,1.9
DE,2012-12,2.1
DE,2013-01,1.9
DE,2013-02,1.8
DE,2013-03,1.9
DE,2013-04,1.1
DE,2013-05,1.5
DE,2013-06,2.0
DE,2013-07,2.0
DE,2013-08,1.5
DE,2013-09,1.5
DE,2013-10,1.2
DE,2013-11,1.6
DE,2013-12,1.2
DE,2014-01,1.1
DE,2014-02,1.0
DE,2014-03,0.7
DE,2014-04,1.1
DE,2014-05,0.7
DE,2014-06,0.9
DE,2014-07,0.7
DE,2014-08,0.8
DE,2014-09,0.8
DE,2014-10,0.7
DE,2014-11,0.5
DE,2014-12,0.1
DE,2015-01,-0.5
DE,2015-02,-0.2
DE,2015-03,0.3
DE,2015-04,1.0
DE,2015-05,1.6
DE,2015-06,1.1
DE,2015-07,1.3
DE,2015-08,1.1
DE,2015-09,0.8
DE,2015-10,1.2
DE,2015-11,0.2
DE,2015-12,0.2
DE,2016-01,0.4
DE,2016-02,-0.1
DE,2016-03,0.1
DE,2016-04,-0.3
DE,2016-05,-0.1
DE,2016-06,0.1
DE,2016-07,0.3
DE,2016-08,0.3
DE,2016-09,0.6
DE,2016-10,0.7
DE,2016-11,0.8
DE,2016-12,1.6
DE,2017-01,1.7
DE,2017-02,2.1
DE,2017-03,1.5
DE,2017-04,2.0
DE,2017-05,1.3
DE,2017-06,1.7
DE,2017-07,1.7
DE,2017-08,1.9
DE,2017-09,1.9
DE,2017-10,1.5
DE,2017-11,1.7
DE,2017-12,1.5
DE,2018-01,1.5
DE,2018-02,1.2
DE,2018-03,1.7
DE,2018-04,1.3
DE,2018-05,2.5
DE,2018-06,2.1
DE,2018-07,2.2
DE,2018-08,2.1
DE,2018-09,2.2
DE,2018-10,2.6
DE,2018-11,2.2
DE,2018-12,1.7
DE,2019-01,1.7
DE,2019-02,1.7
DE,2019-03,1.4
DE,2019-04,2.1
DE,2019-05,1.3
DE,2019-06,1.5
DE,2019-07,1.1
DE,2019-08,1.0
DE,2019-09,0.9
DE,2019-10,0.9
DE,2019-11,1.2
DE,2019-12,1.5
DE,2020-01,1.6
DE,2020-02,1.7
DE,2020-03,1.3
DE,2020-04,0.8
DE,2020-05,0.5
DE,2020-06,0.8
DE,2020-07,0.0
DE,2020-08,-0.1
DE,2020-09,-0.4
DE,2020-10,-0.5
DE,2020-11,-0.7
DE,2020-12,-0.7
DE,2021-01,1.6
DE,2021-02,1.6
DE,2021-03,2.0
DE,2021-04,2.1
DE,2021-05,2.4
DE,2021-06,2.1
DE,2021-07,3.1
DE,2021-08,3.4
DE,2021-09,4.1
DE,2021-10,4.6
DE,2021-11,6.0
DE,2021-12,5.7
DE,2022-01,5.1
DE,2022-02,5.5
DE,2022-03,7.6
DE,2022-04,7.8
DE,2022-05,8.7
DE,2022-06,8.2
DE,2022-07,8.5
DE,2022-08,8.8
DE,2022-09,10.9
DE,2022-10,11.6
DE,2022-11,11.3
DE,2022-12,9.6
DE,2023-01,9.2
DE,2023-02,9.3
DE,2023-03,7.8
DE,2023-04,7.6
DE,2023-05,6.3
DE,2023-06,6.8
DE,2023-07,6.5
DE,2023-08,6.4
DE,2023-09,4.3
DE,2023-10,3.0
DE,2023-11,2.3
DE,2023-12,3.8
DE,2024-01,3.1
DE,2024-02,2.7
DE,2024-03,2.3
DE,2024-04,2.4
DE,2024-05,2.8
DE,2024-06,2.5
DE,2024-07,2.6
DE,2024-08,2.0
DE,2024-09,1.8
DE,2024-10,2.4
DE,2024-11,2.4
DE,2024-12,2.8
DE,2025-01,2.8
DE,2025-02,2.6
DE,2025-03,2.3
DE,2025-04,2.2
DE,2025-05,2.1
DE,2025-06,2.0
DE,2025-07,1.8
DE,2025-08,2.1
DE,2025-09,2.4
DE,2025-10,2.3
DE,2025-11,2.6
DE,2025-12,2.0
DK,1997-01,2.4
DK,1997-02,2.1
DK,1997-03,1.8
DK,1997-04,1.7
DK,1997-05,2.1
DK,1997-06,2.4
DK,1997-07,2.0
DK,1997-08,2.1
DK,1997-09,1.8
DK,1997-10,1.7
DK,1997-11,1.7
DK,1997-12,1.5
DK,1998-01,1.7
DK,1998-02,1.7
DK,1998-03,1.5
DK,1998-04,1.7
DK,1998-05,1.4
DK,1998-06,1.2
DK,1998-07,1.4
DK,1998-08,1.0
DK,1998-09,1.1
DK,1998-10,1.1
DK,1998-11,1.1
DK,1998-12,1.1
DK,1999-01,1.1
DK,1999-02,1.4
DK,1999-03,1.6
DK,1999-04,1.6
DK,1999-05,1.6
DK,1999-06,1.9
DK,1999-07,2.0
DK,1999-08,2.6
DK,1999-09,2.4
DK,1999-10,2.6
DK,1999-11,2.6
DK,1999-12,3.1
DK,2000-01,2.8
DK,2000-02,2.8
DK,2000-03,2.9
DK,2000-04,2.9
DK,2000-05,2.9
DK,2000-06,2.9
DK,2000-07,2.8
DK,2000-08,2.1
DK,2000-09,2.8
DK,2000-10,2.9
DK,2000-11,2.8
DK,2000-12,2.4
DK,2001-01,2.4
DK,2001-02,2.3
DK,2001-03,2.2
DK,2001-04,2.6
DK,2001-05,2.7
DK,2001-06,2.3
DK,2001-07,2.3
DK,2001-08,2.5
DK,2001-09,2.2
DK,2001-10,1.9
DK,2001-11,1.8
DK,2001-12,2.0
DK,2002-01,2.3
DK,2002-02,2.4
DK,2002-03,2.5
DK,2002-04,2.4
DK,2002-05,2.0
DK,2002-06,2.1
DK,2002-07,2.1
DK,2002-08,2.4
DK,2002-09,2.4
DK,2002-10,2.6
DK,2002-11,2.8
DK,2002-12,2.6
DK,2003-01,2.6
DK,2003-02,2.7
DK,2003-03,3.0
DK,2003-04,2.3
DK,2003-05,2.1
DK,2003-06,2.0
DK,2003-07,1.7
DK,2003-08,1.6
DK,2003-09,1.7
DK,2003-10,1.2
DK,2003-11,1.3
DK,2003-12,1.2
DK,2004-01,1.0
DK,2004-02,0.7
DK,2004-03,0.4
DK,2004-04,0.6
DK,2004-05,1.1
DK,2004-06,1.0
DK,2004-07,1.2
DK,2004-08,0.8
DK,2004-09,0.8
DK,2004-10,1.6
DK,2004-11,1.1
DK,2004-12,1.0
DK,2005-01,0.8
DK,2005-02,1.1
DK,2005-03,1.3
DK,2005-04,1.7
DK,2005-05,1.3
DK,2005-06,1.7
DK,2005-07,1.9
DK,2005-08,2.3
DK,2005-09,2.5
DK,2005-10,1.9
DK,2005-11,1.9
DK,2005-12,2.3
DK,2006-01,2.0
DK,2006-02,2.1
DK,2006-03,1.8
DK,2006-04,1.9
DK,2006-05,2.0
DK,2006-06,2.1
DK,2006-07,2.0
DK,2006-08,2.0
DK,2006-09,1.4
DK,2006-10,1.4
DK,2006-11,1.8
DK,2006-12,1.6
DK,2007-01,1.8
DK,2007-02,1.9
DK,2007-03,2.0
DK,2007-04,1.6
DK,2007-05,1.7
DK,2007-06,1.3
DK,2007-07,1.0
DK,2007-08,0.8
DK,2007-09,1.1
DK,2007-10,1.7
DK,2007-11,2.5
DK,2007-12,2.4
DK,2008-01,3.1
DK,2008-02,3.2
DK,2008-03,3.3
DK,2008-04,3.4
DK,2008-05,3.6
DK,2008-06,4.2
DK,2008-07,4.3
DK,2008-08,4.8
DK,2008-09,4.5
DK,2008-10,3.8
DK,2008-11,2.8
DK,2008-12,2.5
DK,2009-01,1.7
DK,2009-02,1.7
DK,2009-03,1.5
DK,2009-04,1.1
DK,2009-05,1.0
DK,2009-06,0.9
DK,2009-07,0.7
DK,2009-08,0.8
DK,2009-09,0.4
DK,2009-10,0.8
DK,2009-11,1.0
DK,2009-12,1.1
DK,2010-01,1.9
DK,2010-02,1.9
DK,2010-03,2.1
DK,2010-04,2.4
DK,2010-05,2.1
DK,2010-06,1.6
DK,2010-07,2.2
DK,2010-08,2.3
DK,2010-09,2.6
DK,2010-10,2.3
DK,2010-11,2.4
DK,2010-12,2.8
DK,2011-01,2.6
DK,2011-02,2.6
DK,2011-03,2.6
DK,2011-04,2.9
DK,2011-05,3.0
DK,2011-06,3.0
DK,2011-07,2.9
DK,2011-08,2.4
DK,2011-09,2.3
DK,2011-10,2.7
DK,2011-11,2.5
DK,2011-12,2.4
DK,2012-01,2.7
DK,2012-02,2.7
DK,2012-03,2.7
DK,2012-04,2.2
DK,2012-05,2.1
DK,2012-06,2.2
DK,2012-07,2.2
DK,2012-08,2.6
DK,2012-09,2.6
DK,2012-10,2.3
DK,2012-11,2.3
DK,2012-12,1.9
DK,2013-01,0.9
DK,2013-02,1.1
DK,2013-03,0.7
DK,2013-04,0.5
DK,2013-05,0.7
DK,2013-06,0.6
DK,2013-07,0.4
DK,2013-08,0.1
DK,2013-09,0.1
DK,2013-10,0.4
DK,2013-11,0.2
DK,2013-12,0.5
DK,2014-01,0.8
DK,2014-02,0.3
DK,2014-03,0.2
DK,2014-04,0.5
DK,2014-05,0.3
DK,2014-06,0.4
DK,2014-07,0.5
DK,2014-08,0.3
DK,2014-09,0.3
DK,2014-10,0.2
DK,2014-11,0.3
DK,2014-12,0.1
DK,2015-01,-0.3
DK,2015-02,-0.1
DK,2015-03,0.3
DK,2015-04,0.4
DK,2015-05,0.4
DK,2015-06,0.4
DK,2015-07,0.5
DK,2015-08,0.3
DK,2015-09,0.3
DK,2015-10,0.1
DK,2015-11,0.1
DK,2015-12,0.3
DK,2016-01,0.4
DK,2016-02,0.1
DK,2016-03,-0.3
DK,2016-04,-0.3
DK,2016-05,-0.1
DK,2016-06,0.1
DK,2016-07,0.1
DK,2016-08,0.0
DK,2016-09,-0.3
DK,2016-10,0.1
DK,2016-11,0.1
DK,2016-12,0.3
DK,2017-01,0.7
DK,2017-02,0.9
DK,2017-03,0.9
DK,2017-04,1.0
DK,2017-05,0.7
DK,2017-06,0.4
DK,2017-07,1.5
DK,2017-08,1.5
DK,2017-09,1.6
DK,2017-10,1.4
DK,2017-11,1.3
DK,2017-12,0.8
DK,2018-01,0.6
DK,2018-02,0.5
DK,2018-03,0.4
DK,2018-04,0.7
DK,2018-05,1.0
DK,2018-06,1.1
DK,2018-07,0.9
DK,2018-08,0.8
DK,2018-09,0.5
DK,2018-10,0.7
DK,2018-11,0.7
DK,2018-12,0.7
DK,2019-01,1.2
DK,2019-02,1.1
DK,2019-03,1.2
DK,2019-04,0.9
DK,2019-05,0.7
DK,2019-06,0.5
DK,2019-07,0.4
DK,2019-08,0.5
DK,2019-09,0.4
DK,2019-10,0.6
DK,2019-11,0.6
DK,2019-12,0.8
DK,2020-01,0.8
DK,2020-02,0.7
DK,2020-03,0.3
DK,2020-04,-0.1
DK,2020-05,-0.2
DK,2020-06,0.2
DK,2020-07,0.4
DK,2020-08,0.4
DK,2020-09,0.5
DK,2020-10,0.3
DK,2020-11,0.4
DK,2020-12,0.4
DK,2021-01,0.4
DK,2021-02,0.5
DK,2021-03,0.9
DK,2021-04,1.5
DK,2021-05,1.9
DK,2021-06,1.9
DK,2021-07,1.7
DK,2021-08,1.8
DK,2021-09,2.4
DK,2021-10,3.2
DK,2021-11,3.8
DK,2021-12,3.4
DK,2022-01,4.9
DK,2022-02,5.3
DK,2022-03,6.0
DK,2022-04,7.4
DK,2022-05,8.2
DK,2022-06,9.1
DK,2022-07,9.6
DK,2022-08,9.9
DK,2022-09,11.1
DK,2022-10,11.4
DK,2022-11,9.7
DK,2022-12,9.6
DK,2023-01,8.4
DK,2023-02,8.3
DK,2023-03,7.3
DK,2023-04,5.6
DK,2023-05,2.9
DK,2023-06,2.4
DK,2023-07,3.2
DK,2023-08,2.3
DK,2023-09,0.6
DK,2023-10,-0.4
DK,2023-11,0.3
DK,2023-12,0.4
DK,2024-01,0.9
DK,2024-02,0.6
DK,2024-03,0.8
DK,2024-04,0.5
DK,2024-05,2.1
DK,2024-06,1.8
DK,2024-07,1.0
DK,2024-08,1.4
DK,2024-09,1.2
DK,2024-10,1.6
DK,2024-11,1.6
DK,2024-12,1.8
DK,2025-01,1.4
DK,2025-02,2.0
DK,2025-03,1.4
DK,2025-04,1.5
DK,2025-05,1.5
DK,2025-06,1.8
DK,2025-07,2.2
DK,2025-08,1.9
DK,2025-09,2.2
DK,2025-10,2.1
DK,2025-11,2.0
DK,2025-12,1.9
EE,1997-01,10.9
EE,1997-02,8.1
EE,1997-03,7.3
EE,1997-04,7.0
EE,1997-05,8.5
EE,1997-06,8.5
EE,1997-07,8.7
EE,1997-08,10.2
EE,1997-09,10.2
EE,1997-10,10.6
EE,1997-11,10.8
EE,1997-12,11.0
EE,1998-01,11.5
EE,1998-02,11.9
EE,1998-03,11.9
EE,1998-04,10.8
EE,1998-05,9.1
EE,1998-06,8.7
EE,1998-07,8.8
EE,1998-08,8.2
EE,1998-09,7.5
EE,1998-10,6.7
EE,1998-11,5.8
EE,1998-12,5.1
EE,1999-01,4.5
EE,1999-02,3.7
EE,1999-03,3.4
EE,1999-04,3.1
EE,1999-05,3.1
EE,1999-06,2.9
EE,1999-07,2.4
EE,1999-08,2.3
EE,1999-09,2.5
EE,1999-10,2.6
EE,1999-11,3.0
EE,1999-12,3.7
EE,2000-01,3.1
EE,2000-02,2.9
EE,2000-03,3.1
EE,2000-04,3.0
EE,2000-05,2.8
EE,2000-06,3.1
EE,2000-07,4.0
EE,2000-08,4.4
EE,2000-09,4.7
EE,2000-10,5.4
EE,2000-11,5.7
EE,2000-12,5.0
EE,2001-01,5.6
EE,2001-02,6.0
EE,2001-03,5.7
EE,2001-04,6.3
EE,2001-05,6.8
EE,2001-06,6.7
EE,2001-07,5.9
EE,2001-08,5.8
EE,2001-09,5.7
EE,2001-10,4.8
EE,2001-11,4.2
EE,2001-12,4.2
EE,2002-01,4.3
EE,2002-02,4.5
EE,2002-03,4.4
EE,2002-04,4.5
EE,2002-05,4.1
EE,2002-06,3.8
EE,2002-07,3.3
EE,2002-08,2.7
EE,2002-09,2.7
EE,2002-10,3.1
EE,2002-11,3.0
EE,2002-12,2.7
EE,2003-01,2.5
EE,2003-02,2.3
EE,2003-03,2.1
EE,2003-04,1.2
EE,2003-05,0.7
EE,2003-06,0.5
EE,2003-07,0.9
EE,2003-08,1.4
EE,2003-09,1.5
EE,2003-10,1.2
EE,2003-11,1.2
EE,2003-12,1.2
EE,2004-01,0.7
EE,2004-02,0.6
EE,2004-03,0.7
EE,2004-04,1.5
EE,2004-05,3.7
EE,2004-06,4.4
EE,2004-07,4.0
EE,2004-08,3.9
EE,2004-09,3.8
EE,2004-10,4.0
EE,2004-11,4.5
EE,2004-12,4.8
EE,2005-01,4.2
EE,2005-02,4.6
EE,2005-03,4.8
EE,2005-04,4.6
EE,2005-05,2.9
EE,2005-06,3.2
EE,2005-07,3.9
EE,2005-08,4.2
EE,2005-09,4.9
EE,2005-10,4.5
EE,2005-11,4.0
EE,2005-12,3.7
EE,2006-01,4.6
EE,2006-02,4.6
EE,2006-03,4.0
EE,2006-04,4.3
EE,2006-05,4.6
EE,2006-06,4.4
EE,2006-07,4.5
EE,2006-08,5.0
EE,2006-09,3.8
EE,2006-10,3.8
EE,2006-11,4.6
EE,2006-12,5.1
EE,2007-01,5.0
EE,2007-02,4.6
EE,2007-03,5.6
EE,2007-04,5.6
EE,2007-05,5.9
EE,2007-06,6.0
EE,2007-07,6.5
EE,2007-08,6.1
EE,2007-09,7.5
EE,2007-10,8.7
EE,2007-11,9.3
EE,2007-12,9.7
EE,2008-01,11.3
EE,2008-02,11.5
EE,2008-03,11.2
EE,2008-04,11.6
EE,2008-05,11.4
EE,2008-06,11.5
EE,2008-07,11.2
EE,2008-08,11.1
EE,2008-09,10.8
EE,2008-10,10.1
EE,2008-11,8.5
EE,2008-12,7.5
EE,2009-01,4.7
EE,2009-02,3.9
EE,2009-03,2.5
EE,2009-04,0.9
EE,2009-05,0.3
EE,2009-06,-0.5
EE,2009-07,-0.4
EE,2009-08,-0.7
EE,2009-09,-1.7
EE,2009-10,-2.1
EE,2009-11,-2.1
EE,2009-12,-1.9
EE,2010-01,-1.0
EE,2010-02,-0.3
EE,2010-03,1.4
EE,2010-04,2.5
EE,2010-05,2.8
EE,2010-06,3.4
EE,2010-07,2.7
EE,2010-08,2.8
EE,2010-09,3.8
EE,2010-10,4.5
EE,2010-11,5.0
EE,2010-12,5.4
EE,2011-01,5.1
EE,2011-02,5.5
EE,2011-03,5.1
EE,2011-04,5.4
EE,2011-05,5.5
EE,2011-06,4.9
EE,2011-07,5.3
EE,2011-08,5.6
EE,2011-09,5.4
EE,2011-10,4.7
EE,2011-11,4.4
EE,2011-12,4.1
EE,2012-01,4.7
EE,2012-02,4.4
EE,2012-03,4.7
EE,2012-04,4.3
EE,2012-05,4.1
EE,2012-06,4.4
EE,2012-07,4.1
EE,2012-08,4.2
EE,2012-09,4.1
EE,2012-10,4.2
EE,2012-11,3.8
EE,2012-12,3.6
EE,2013-01,3.7
EE,2013-02,4.0
EE,2013-03,3.8
EE,2013-04,3.4
EE,2013-05,3.6
EE,2013-06,4.1
EE,2013-07,4.0
EE,2013-08,3.6
EE,2013-09,2.6
EE,2013-10,2.2
EE,2013-11,2.1
EE,2013-12,2.0
EE,2014-01,1.6
EE,2014-02,1.1
EE,2014-03,0.7
EE,2014-04,0.8
EE,2014-05,0.6
EE,2014-06,0.3
EE,2014-07,0.0
EE,2014-08,-0.2
EE,2014-09,0.2
EE,2014-10,0.5
EE,2014-11,0.0
EE,2014-12,0.1
EE,2015-01,-0.5
EE,2015-02,-0.2
EE,2015-03,0.0
EE,2015-04,0.4
EE,2015-05,0.5
EE,2015-06,0.3
EE,2015-07,0.1
EE,2015-08,0.2
EE,2015-09,-0.3
EE,2015-10,0.0
EE,2015-11,0.5
EE,2015-12,-0.2
EE,2016-01,0.1
EE,2016-02,0.4
EE,2016-03,0.5
EE,2016-04,0.0
EE,2016-05,0.0
EE,2016-06,0.4
EE,2016-07,0.8
EE,2016-08,1.1
EE,2016-09,1.7
EE,2016-10,1.0
EE,2016-11,1.4
EE,2016-12,2.4
EE,2017-01,2.8
EE,2017-02,3.4
EE,2017-03,3.0
EE,2017-04,3.6
EE,2017-05,3.5
EE,2017-06,3.1
EE,2017-07,3.9
EE,2017-08,4.2
EE,2017-09,3.9
EE,2017-10,4.0
EE,2017-11,4.5
EE,2017-12,3.8
EE,2018-01,3.6
EE,2018-02,3.2
EE,2018-03,2.9
EE,2018-04,2.9
EE,2018-05,3.1
EE,2018-06,3.9
EE,2018-07,3.3
EE,2018-08,3.5
EE,2018-09,3.5
EE,2018-10,4.5
EE,2018-11,3.2
EE,2018-12,3.3
EE,2019-01,2.8
EE,2019-02,1.9
EE,2019-03,2.2
EE,2019-04,3.2
EE,2019-05,3.1
EE,2019-06,2.6
EE,2019-07,2.0
EE,2019-08,2.1
EE,2019-09,2.2
EE,2019-10,1.4
EE,2019-11,1.8
EE,2019-12,1.8
EE,2020-01,1.6
EE,2020-02,2.0
EE,2020-03,1.0
EE,2020-04,-0.9
EE,2020-05,-1.8
EE,2020-06,-1.6
EE,2020-07,-1.3
EE,2020-08,-1.3
EE,2020-09,-1.3
EE,2020-10,-1.7
EE,2020-11,-1.2
EE,2020-12,-0.9
EE,2021-01,0.3
EE,2021-02,0.5
EE,2021-03,0.9
EE,2021-04,1.6
EE,2021-05,3.2
EE,2021-06,3.7
EE,2021-07,4.9
EE,2021-08,5.0
EE,2021-09,6.4
EE,2021-10,6.8
EE,2021-11,8.6
EE,2021-12,12.0
EE,2022-01,11.0
EE,2022-02,11.6
EE,2022-03,14.8
EE,2022-04,19.1
EE,2022-05,20.1
EE,2022-06,22.0
EE,2022-07,23.2
EE,2022-08,25.2
EE,2022-09,24.1
EE,2022-10,22.5
EE,2022-11,21.4
EE,2022-12,17.5
EE,2023-01,18.6
EE,2023-02,17.8
EE,2023-03,15.6
EE,2023-04,13.2
EE,2023-05,11.2
EE,2023-06,9.0
EE,2023-07,6.2
EE,2023-08,4.3
EE,2023-09,3.9
EE,2023-10,5.0
EE,2023-11,4.1
EE,2023-12,4.3
EE,2024-01,5.0
EE,2024-02,4.4
EE,2024-03,4.1
EE,2024-04,3.1
EE,2024-05,3.1
EE,2024-06,2.8
EE,2024-07,3.5
EE,2024-08,3.4
EE,2024-09,3.2
EE,2024-10,4.5
EE,2024-11,3.8
EE,2024-12,4.1
EE,2025-01,3.8
EE,2025-02,5.1
EE,2025-03,4.3
EE,2025-04,4.4
EE,2025-05,4.6
EE,2025-06,5.2
EE,2025-07,5.6
EE,2025-08,6.2
EE,2025-09,5.3
EE,2025-10,4.5
EE,2025-11,4.7
EE,2025-12,4.0
GR,1997-01,6.7
GR,1997-02,6.4
GR,1997-03,5.9
GR,1997-04,5.7
GR,1997-05,5.4
GR,1997-06,5.6
GR,1997-07,5.3
GR,1997-08,5.6
GR,1997-09,4.9
GR,1997-10,4.6
GR,1997-11,5.0
GR,1997-12,4.5
GR,1998-01,4.3
GR,1998-02,4.1
GR,1998-03,4.3
GR,1998-04,5.1
GR,1998-05,5.0
GR,1998-06,4.9
GR,1998-07,4.8
GR,1998-08,4.7
GR,1998-09,5.0
GR,1998-10,4.5
GR,1998-11,3.9
GR,1998-12,3.7
GR,1999-01,3.3
GR,1999-02,3.1
GR,1999-03,3.0
GR,1999-04,2.6
GR,1999-05,2.0
GR,1999-06,1.5
GR,1999-07,1.6
GR,1999-08,1.4
GR,1999-09,1.3
GR,1999-10,1.7
GR,1999-11,2.0
GR,1999-12,2.3
GR,2000-01,2.3
GR,2000-02,2.6
GR,2000-03,2.8
GR,2000-04,2.1
GR,2000-05,2.6
GR,2000-06,2.2
GR,2000-07,2.6
GR,2000-08,2.9
GR,2000-09,3.0
GR,2000-10,3.8
GR,2000-11,4.0
GR,2000-12,3.7
GR,2001-01,3.2
GR,2001-02,3.4
GR,2001-03,3.2
GR,2001-04,3.7
GR,2001-05,3.9
GR,2001-06,4.5
GR,2001-07,4.2
GR,2001-08,4.0
GR,2001-09,4.0
GR,2001-10,3.2
GR,2001-11,2.9
GR,2001-12,3.5
GR,2002-01,4.8
GR,2002-02,3.8
GR,2002-03,4.3
GR,2002-04,4.1
GR,2002-05,3.8
GR,2002-06,3.6
GR,2002-07,3.6
GR,2002-08,3.8
GR,2002-09,3.8
GR,2002-10,4.0
GR,2002-11,3.9
GR,2002-12,3.5
GR,2003-01,3.3
GR,2003-02,4.3
GR,2003-03,3.9
GR,2003-04,3.3
GR,2003-05,3.5
GR,2003-06,3.7
GR,2003-07,3.5
GR,2003-08,3.3
GR,2003-09,3.3
GR,2003-10,3.1
GR,2003-11,3.3
GR,2003-12,3.1
GR,2004-01,3.0
GR,2004-02,2.6
GR,2004-03,2.9
GR,2004-04,3.1
GR,2004-05,3.1
GR,2004-06,3.0
GR,2004-07,3.2
GR,2004-08,2.8
GR,2004-09,2.9
GR,2004-10,3.3
GR,2004-11,3.2
GR,2004-12,3.1
GR,2005-01,4.2
GR,2005-02,3.1
GR,2005-03,2.8
GR,2005-04,3.3
GR,2005-05,3.2
GR,2005-06,3.2
GR,2005-07,3.9
GR,2005-08,3.6
GR,2005-09,3.8
GR,2005-10,3.7
GR,2005-11,3.4
GR,2005-12,3.5
GR,2006-01,3.0
GR,2006-02,3.1
GR,2006-03,3.3
GR,2006-04,3.5
GR,2006-05,3.3
GR,2006-06,3.4
GR,2006-07,3.9
GR,2006-08,3.5
GR,2006-09,3.1
GR,2006-10,3.1
GR,2006-11,3.2
GR,2006-12,3.2
GR,2007-01,3.0
GR,2007-02,3.0
GR,2007-03,2.8
GR,2007-04,2.6
GR,2007-05,2.6
GR,2007-06,2.6
GR,2007-07,2.7
GR,2007-08,2.7
GR,2007-09,3.0
GR,2007-10,3.0
GR,2007-11,3.9
GR,2007-12,3.9
GR,2008-01,3.9
GR,2008-02,4.6
GR,2008-03,4.4
GR,2008-04,4.4
GR,2008-05,4.9
GR,2008-06,4.9
GR,2008-07,4.9
GR,2008-08,4.8
GR,2008-09,4.7
GR,2008-10,4.0
GR,2008-11,3.0
GR,2008-12,2.2
GR,2009-01,2.0
GR,2009-02,1.8
GR,2009-03,1.5
GR,2009-04,1.1
GR,2009-05,0.7
GR,2009-06,0.7
GR,2009-07,0.7
GR,2009-08,1.0
GR,2009-09,0.7
GR,2009-10,1.2
GR,2009-11,2.1
GR,2009-12,2.5
GR,2010-01,2.3
GR,2010-02,2.9
GR,2010-03,3.9
GR,2010-04,4.8
GR,2010-05,5.3
GR,2010-06,5.2
GR,2010-07,5.5
GR,2010-08,5.6
GR,2010-09,5.7
GR,2010-10,5.2
GR,2010-11,4.8
GR,2010-12,5.2
GR,2011-01,4.9
GR,2011-02,4.1
GR,2011-03,4.3
GR,2011-04,3.7
GR,2011-05,3.1
GR,2011-06,3.1
GR,2011-07,2.1
GR,2011-08,1.4
GR,2011-09,2.9
GR,2011-10,2.9
GR,2011-11,2.8
GR,2011-12,2.2
GR,2012-01,2.1
GR,2012-02,1.7
GR,2012-03,1.3
GR,2012-04,1.5
GR,2012-05,0.9
GR,2012-06,1.0
GR,2012-07,0.9
GR,2012-08,1.1
GR,2012-09,0.3
GR,2012-10,0.9
GR,2012-11,0.4
GR,2012-12,0.3
GR,2013-01,0.0
GR,2013-02,0.1
GR,2013-03,-0.2
GR,2013-04,-0.6
GR,2013-05,-0.3
GR,2013-06,-0.2
GR,2013-07,-0.5
GR,2013-08,-1.0
GR,2013-09,-1.0
GR,2013-10,-1.9
GR,2013-11,-2.9
GR,2013-12,-1.8
GR,2014-01,-1.4
GR,2014-02,-0.9
GR,2014-03,-1.5
GR,2014-04,-1.6
GR,2014-05,-2.1
GR,2014-06,-1.5
GR,2014-07,-0.8
GR,2014-08,-0.2
GR,2014-09,-1.1
GR,2014-10,-1.8
GR,2014-11,-1.2
GR,2014-12,-2.5
GR,2015-01,-2.8
GR,2015-02,-1.9
GR,2015-03,-1.9
GR,2015-04,-1.8
GR,2015-05,-1.4
GR,2015-06,-1.1
GR,2015-07,-1.3
GR,2015-08,-0.4
GR,2015-09,-0.8
GR,2015-10,-0.1
GR,2015-11,-0.1
GR,2015-12,0.4
GR,2016-01,-0.1
GR,2016-02,0.1
GR,2016-03,-0.7
GR,2016-04,-0.4
GR,2016-05,-0.2
GR,2016-06,0.2
GR,2016-07,0.2
GR,2016-08,0.4
GR,2016-09,-0.1
GR,2016-10,0.6
GR,2016-11,-0.2
GR,2016-12,0.3
GR,2017-01,1.5
GR,2017-02,1.4
GR,2017-03,1.7
GR,2017-04,1.6
GR,2017-05,1.5
GR,2017-06,0.9
GR,2017-07,0.9
GR,2017-08,0.6
GR,2017-09,1.0
GR,2017-10,0.5
GR,2017-11,1.1
GR,2017-12,1.0
GR,2018-01,0.2
GR,2018-02,0.4
GR,2018-03,0.2
GR,2018-04,0.5
GR,2018-05,0.8
GR,2018-06,1.0
GR,2018-07,0.8
GR,2018-08,0.9
GR,2018-09,1.1
GR,2018-10,1.8
GR,2018-11,1.1
GR,2018-12,0.6
GR,2019-01,0.5
GR,2019-02,0.8
GR,2019-03,1.0
GR,2019-04,1.1
GR,2019-05,0.6
GR,2019-06,0.2
GR,2019-07,0.4
GR,2019-08,0.1
GR,2019-09,0.2
GR,2019-10,-0.3
GR,2019-11,0.5
GR,2019-12,1.1
GR,2020-01,1.1
GR,2020-02,0.4
GR,2020-03,0.2
GR,2020-04,-0.9
GR,2020-05,-0.7
GR,2020-06,-1.9
GR,2020-07,-2.1
GR,2020-08,-2.3
GR,2020-09,-2.3
GR,2020-10,-2.0
GR,2020-11,-2.1
GR,2020-12,-2.4
GR,2021-01,-2.4
GR,2021-02,-1.9
GR,2021-03,-2.0
GR,2021-04,-1.1
GR,2021-05,-1.2
GR,2021-06,0.6
GR,2021-07,0.7
GR,2021-08,1.2
GR,2021-09,1.9
GR,2021-10,2.8
GR,2021-11,4.0
GR,2021-12,4.4
GR,2022-01,5.5
GR,2022-02,6.3
GR,2022-03,8.0
GR,2022-04,9.1
GR,2022-05,10.5
GR,2022-06,11.6
GR,2022-07,11.3
GR,2022-08,11.2
GR,2022-09,12.1
GR,2022-10,9.5
GR,2022-11,8.8
GR,2022-12,7.6
GR,2023-01,7.3
GR,2023-02,6.5
GR,2023-03,5.4
GR,2023-04,4.5
GR,2023-05,4.1
GR,2023-06,2.8
GR,2023-07,3.5
GR,2023-08,3.5
GR,2023-09,2.4
GR,2023-10,3.8
GR,2023-11,2.9
GR,2023-12,3.7
GR,2024-01,3.2
GR,2024-02,3.1
GR,2024-03,3.4
GR,2024-04,3.2
GR,2024-05,2.4
GR,2024-06,2.5
GR,2024-07,3.0
GR,2024-08,3.2
GR,2024-09,3.1
GR,2024-10,3.1
GR,2024-11,3.0
GR,2024-12,2.9
GR,2025-01,3.1
GR,2025-02,3.0
GR,2025-03,3.1
GR,2025-04,2.6
GR,2025-05,3.3
GR,2025-06,3.6
GR,2025-07,3.7
GR,2025-08,3.1
GR,2025-09,1.8
GR,2025-10,1.6
GR,2025-11,2.8
GR,2025-12,2.9
ES,1997-01,2.8
ES,1997-02,2.5
ES,1997-03,2.2
ES,1997-04,1.6
ES,1997-05,1.3
ES,1997-06,1.4
ES,1997-07,1.5
ES,1997-08,1.7
ES,1997-09,1.9
ES,1997-10,1.8
ES,1997-11,1.9
ES,1997-12,1.9
ES,1998-01,1.9
ES,1998-02,1.7
ES,1998-03,1.7
ES,1998-04,1.9
ES,1998-05,2.0
ES,1998-06,2.0
ES,1998-07,2.3
ES,1998-08,2.1
ES,1998-09,1.5
ES,1998-10,1.5
ES,1998-11,1.4
ES,1998-12,1.3
ES,1999-01,1.4
ES,1999-02,1.8
ES,1999-03,2.1
ES,1999-04,2.3
ES,1999-05,2.1
ES,1999-06,2.1
ES,1999-07,2.1
ES,1999-08,2.3
ES,1999-09,2.5
ES,1999-10,2.4
ES,1999-11,2.7
ES,1999-12,2.8
ES,2000-01,2.9
ES,2000-02,3.0
ES,2000-03,3.0
ES,2000-04,3.0
ES,2000-05,3.2
ES,2000-06,3.5
ES,2000-07,3.7
ES,2000-08,3.6
ES,2000-09,3.7
ES,2000-10,4.0
ES,2000-11,4.1
ES,2000-12,4.0
ES,2001-01,2.9
ES,2001-02,2.7
ES,2001-03,3.0
ES,2001-04,3.6
ES,2001-05,3.8
ES,2001-06,3.7
ES,2001-07,2.4
ES,2001-08,2.1
ES,2001-09,2.3
ES,2001-10,2.5
ES,2001-11,2.5
ES,2001-12,2.5
ES,2002-01,3.1
ES,2002-02,3.2
ES,2002-03,3.2
ES,2002-04,3.7
ES,2002-05,3.7
ES,2002-06,3.4
ES,2002-07,3.5
ES,2002-08,3.7
ES,2002-09,3.5
ES,2002-10,4.0
ES,2002-11,3.9
ES,2002-12,4.0
ES,2003-01,3.8
ES,2003-02,3.9
ES,2003-03,3.7
ES,2003-04,3.2
ES,2003-05,2.7
ES,2003-06,2.8
ES,2003-07,2.9
ES,2003-08,3.1
ES,2003-09,3.0
ES,2003-10,2.7
ES,2003-11,2.9
ES,2003-12,2.7
ES,2004-01,2.3
ES,2004-02,2.2
ES,2004-03,2.2
ES,2004-04,2.7
ES,2004-05,3.4
ES,2004-06,3.5
ES,2004-07,3.3
ES,2004-08,3.3
ES,2004-09,3.2
ES,2004-10,3.6
ES,2004-11,3.5
ES,2004-12,3.3
ES,2005-01,3.1
ES,2005-02,3.3
ES,2005-03,3.4
ES,2005-04,3.5
ES,2005-05,3.1
ES,2005-06,3.2
ES,2005-07,3.3
ES,2005-08,3.3
ES,2005-09,3.8
ES,2005-10,3.5
ES,2005-11,3.4
ES,2005-12,3.7
ES,2006-01,4.2
ES,2006-02,4.1
ES,2006-03,3.9
ES,2006-04,3.9
ES,2006-05,4.1
ES,2006-06,4.0
ES,2006-07,4.0
ES,2006-08,3.8
ES,2006-09,2.9
ES,2006-10,2.6
ES,2006-11,2.7
ES,2006-12,2.7
ES,2007-01,2.4
ES,2007-02,2.4
ES,2007-03,2.5
ES,2007-04,2.5
ES,2007-05,2.4
ES,2007-06,2.4
ES,2007-07,2.3
ES,2007-08,2.2
ES,2007-09,2.7
ES,2007-10,3.6
ES,2007-11,4.1
ES,2007-12,4.3
ES,2008-01,4.4
ES,2008-02,4.5
ES,2008-03,4.6
ES,2008-04,4.2
ES,2008-05,4.7
ES,2008-06,5.1
ES,2008-07,5.3
ES,2008-08,4.9
ES,2008-09,4.6
ES,2008-10,3.6
ES,2008-11,2.4
ES,2008-12,1.4
ES,2009-01,0.8
ES,2009-02,0.7
ES,2009-03,-0.1
ES,2009-04,-0.2
ES,2009-05,-0.9
ES,2009-06,-1.0
ES,2009-07,-1.3
ES,2009-08,-0.7
ES,2009-09,-0.9
ES,2009-10,-0.6
ES,2009-11,0.4
ES,2009-12,0.9
ES,2010-01,0.7
ES,2010-02,0.4
ES,2010-03,2.7
ES,2010-04,2.4
ES,2010-05,2.5
ES,2010-06,2.1
ES,2010-07,1.8
ES,2010-08,1.6
ES,2010-09,2.8
ES,2010-10,2.5
ES,2010-11,2.3
ES,2010-12,2.9
ES,2011-01,3.0
ES,2011-02,3.4
ES,2011-03,3.3
ES,2011-04,3.5
ES,2011-05,3.4
ES,2011-06,3.0
ES,2011-07,3.0
ES,2011-08,2.7
ES,2011-09,3.0
ES,2011-10,3.0
ES,2011-11,2.9
ES,2011-12,2.3
ES,2012-01,2.0
ES,2012-02,1.9
ES,2012-03,1.8
ES,2012-04,2.0
ES,2012-05,1.9
ES,2012-06,1.8
ES,2012-07,2.2
ES,2012-08,2.7
ES,2012-09,3.5
ES,2012-10,3.5
ES,2012-11,3.0
ES,2012-12,3.0
ES,2013-01,2.8
ES,2013-02,2.9
ES,2013-03,2.6
ES,2013-04,1.5
ES,2013-05,1.8
ES,2013-06,2.2
ES,2013-07,1.9
ES,2013-08,1.6
ES,2013-09,0.5
ES,2013-10,0.0
ES,2013-11,0.3
ES,2013-12,0.3
ES,2014-01,0.3
ES,2014-02,0.1
ES,2014-03,-0.2
ES,2014-04,0.3
ES,2014-05,0.2
ES,2014-06,0.0
ES,2014-07,-0.4
ES,2014-08,-0.5
ES,2014-09,-0.3
ES,2014-10,-0.2
ES,2014-11,-0.5
ES,2014-12,-1.1
ES,2015-01,-1.5
ES,2015-02,-1.2
ES,2015-03,-0.8
ES,2015-04,-0.7
ES,2015-05,-0.3
ES,2015-06,0.0
ES,2015-07,0.0
ES,2015-08,-0.5
ES,2015-09,-1.1
ES,2015-10,-0.9
ES,2015-11,-0.4
ES,2015-12,-0.1
ES,2016-01,-0.4
ES,2016-02,-1.0
ES,2016-03,-1.0
ES,2016-04,-1.2
ES,2016-05,-1.1
ES,2016-06,-0.9
ES,2016-07,-0.7
ES,2016-08,-0.3
ES,2016-09,0.0
ES,2016-10,0.5
ES,2016-11,0.5
ES,2016-12,1.4
ES,2017-01,2.9
ES,2017-02,3.0
ES,2017-03,2.1
ES,2017-04,2.6
ES,2017-05,2.0
ES,2017-06,1.6
ES,2017-07,1.7
ES,2017-08,2.0
ES,2017-09,1.8
ES,2017-10,1.7
ES,2017-11,1.8
ES,2017-12,1.2
ES,2018-01,0.7
ES,2018-02,1.2
ES,2018-03,1.3
ES,2018-04,1.1
ES,2018-05,2.1
ES,2018-06,2.3
ES,2018-07,2.3
ES,2018-08,2.2
ES,2018-09,2.3
ES,2018-10,2.3
ES,2018-11,1.7
ES,2018-12,1.2
ES,2019-01,1.0
ES,2019-02,1.1
ES,2019-03,1.3
ES,2019-04,1.6
ES,2019-05,0.9
ES,2019-06,0.6
ES,2019-07,0.6
ES,2019-08,0.4
ES,2019-09,0.2
ES,2019-10,0.2
ES,2019-11,0.5
ES,2019-12,0.8
ES,2020-01,1.1
ES,2020-02,0.9
ES,2020-03,0.1
ES,2020-04,-0.7
ES,2020-05,-0.9
ES,2020-06,-0.3
ES,2020-07,-0.7
ES,2020-08,-0.6
ES,2020-09,-0.6
ES,2020-10,-0.9
ES,2020-11,-0.8
ES,2020-12,-0.6
ES,2021-01,0.4
ES,2021-02,-0.1
ES,2021-03,1.2
ES,2021-04,2.0
ES,2021-05,2.4
ES,2021-06,2.5
ES,2021-07,2.9
ES,2021-08,3.3
ES,2021-09,4.0
ES,2021-10,5.4
ES,2021-11,5.5
ES,2021-12,6.6
ES,2022-01,6.2
ES,2022-02,7.6
ES,2022-03,9.8
ES,2022-04,8.3
ES,2022-05,8.5
ES,2022-06,10.0
ES,2022-07,10.7
ES,2022-08,10.5
ES,2022-09,9.0
ES,2022-10,7.3
ES,2022-11,6.7
ES,2022-12,5.5
ES,2023-01,5.9
ES,2023-02,6.0
ES,2023-03,3.1
ES,2023-04,3.8
ES,2023-05,2.9
ES,2023-06,1.6
ES,2023-07,2.1
ES,2023-08,2.4
ES,2023-09,3.3
ES,2023-10,3.5
ES,2023-11,3.3
ES,2023-12,3.3
ES,2024-01,3.5
ES,2024-02,2.9
ES,2024-03,3.3
ES,2024-04,3.4
ES,2024-05,3.8
ES,2024-06,3.6
ES,2024-07,2.9
ES,2024-08,2.4
ES,2024-09,1.7
ES,2024-10,1.8
ES,2024-11,2.4
ES,2024-12,2.8
ES,2025-01,2.9
ES,2025-02,2.9
ES,2025-03,2.2
ES,2025-04,2.2
ES,2025-05,2.0
ES,2025-06,2.3
ES,2025-07,2.7
ES,2025-08,2.7
ES,2025-09,3.0
ES,2025-10,3.2
ES,2025-11,3.2
ES,2025-12,3.0
FI,1997-01,0.9
FI,1997-02,0.6
FI,1997-03,0.7
FI,1997-04,0.9
FI,1997-05,0.9
FI,1997-06,1.1
FI,1997-07,1.1
FI,1997-08,1.7
FI,1997-09,1.6
FI,1997-10,1.7
FI,1997-11,1.8
FI,1997-12,1.6
FI,1998-01,1.8
FI,1998-02,1.7
FI,1998-03,1.6
FI,1998-04,1.7
FI,1998-05,1.6
FI,1998-06,1.6
FI,1998-07,1.1
FI,1998-08,1.1
FI,1998-09,1.4
FI,1998-10,1.1
FI,1998-11,0.9
FI,1998-12,0.8
FI,1999-01,0.5
FI,1999-02,0.9
FI,1999-03,0.9
FI,1999-04,1.3
FI,1999-05,1.4
FI,1999-06,1.2
FI,1999-07,1.4
FI,1999-08,1.3
FI,1999-09,1.4
FI,1999-10,1.6
FI,1999-11,1.9
FI,1999-12,2.2
FI,2000-01,2.3
FI,2000-02,2.7
FI,2000-03,3.2
FI,2000-04,2.5
FI,2000-05,2.7
FI,2000-06,3.1
FI,2000-07,2.9
FI,2000-08,2.9
FI,2000-09,3.4
FI,2000-10,3.4
FI,2000-11,3.3
FI,2000-12,2.9
FI,2001-01,2.9
FI,2001-02,2.7
FI,2001-03,2.5
FI,2001-04,2.9
FI,2001-05,3.3
FI,2001-06,3.0
FI,2001-07,2.6
FI,2001-08,2.7
FI,2001-09,2.6
FI,2001-10,2.4
FI,2001-11,2.2
FI,2001-12,2.3
FI,2002-01,2.9
FI,2002-02,2.5
FI,2002-03,2.6
FI,2002-04,2.5
FI,2002-05,1.8
FI,2002-06,1.5
FI,2002-07,2.0
FI,2002-08,1.8
FI,2002-09,1.3
FI,2002-10,1.7
FI,2002-11,1.7
FI,2002-12,1.7
FI,2003-01,1.4
FI,2003-02,2.1
FI,2003-03,1.8
FI,2003-04,1.4
FI,2003-05,1.1
FI,2003-06,1.1
FI,2003-07,1.0
FI,2003-08,1.2
FI,2003-09,1.3
FI,2003-10,0.9
FI,2003-11,1.1
FI,2003-12,1.2
FI,2004-01,0.7
FI,2004-02,0.4
FI,2004-03,-0.4
FI,2004-04,-0.4
FI,2004-05,-0.1
FI,2004-06,-0.1
FI,2004-07,0.2
FI,2004-08,0.2
FI,2004-09,0.2
FI,2004-10,0.6
FI,2004-11,0.2
FI,2004-12,0.1
FI,2005-01,-0.1
FI,2005-02,0.0
FI,2005-03,0.9
FI,2005-04,1.2
FI,2005-05,0.7
FI,2005-06,1.0
FI,2005-07,0.9
FI,2005-08,1.0
FI,2005-09,1.2
FI,2005-10,0.8
FI,2005-11,0.9
FI,2005-12,1.0
FI,2006-01,1.2
FI,2006-02,1.3
FI,2006-03,1.2
FI,2006-04,1.5
FI,2006-05,1.7
FI,2006-06,1.5
FI,2006-07,1.3
FI,2006-08,1.3
FI,2006-09,0.8
FI,2006-10,1.0
FI,2006-11,1.3
FI,2006-12,1.2
FI,2007-01,1.3
FI,2007-02,1.2
FI,2007-03,1.6
FI,2007-04,1.5
FI,2007-05,1.3
FI,2007-06,1.4
FI,2007-07,1.6
FI,2007-08,1.3
FI,2007-09,1.7
FI,2007-10,1.8
FI,2007-11,2.2
FI,2007-12,1.9
FI,2008-01,3.4
FI,2008-02,3.3
FI,2008-03,3.6
FI,2008-04,3.3
FI,2008-05,4.1
FI,2008-06,4.3
FI,2008-07,4.3
FI,2008-08,4.6
FI,2008-09,4.7
FI,2008-10,4.4
FI,2008-11,3.5
FI,2008-12,3.4
FI,2009-01,2.5
FI,2009-02,2.7
FI,2009-03,2.0
FI,2009-04,2.1
FI,2009-05,1.5
FI,2009-06,1.6
FI,2009-07,1.2
FI,2009-08,1.3
FI,2009-09,1.1
FI,2009-10,0.6
FI,2009-11,1.3
FI,2009-12,1.8
FI,2010-01,1.6
FI,2010-02,1.3
FI,2010-03,1.5
FI,2010-04,1.6
FI,2010-05,1.4
FI,2010-06,1.3
FI,2010-07,1.3
FI,2010-08,1.3
FI,2010-09,1.4
FI,2010-10,2.4
FI,2010-11,2.4
FI,2010-12,2.8
FI,2011-01,3.1
FI,2011-02,3.5
FI,2011-03,3.5
FI,2011-04,3.4
FI,2011-05,3.4
FI,2011-06,3.4
FI,2011-07,3.7
FI,2011-08,3.5
FI,2011-09,3.5
FI,2011-10,3.2
FI,2011-11,3.2
FI,2011-12,2.6
FI,2012-01,3.0
FI,2012-02,3.0
FI,2012-03,2.9
FI,2012-04,3.0
FI,2012-05,3.1
FI,2012-06,2.9
FI,2012-07,3.1
FI,2012-08,3.3
FI,2012-09,3.4
FI,2012-10,3.5
FI,2012-11,3.2
FI,2012-12,3.4
FI,2013-01,2.6
FI,2013-02,2.4
FI,2013-03,2.5
FI,2013-04,2.4
FI,2013-05,2.5
FI,2013-06,2.3
FI,2013-07,2.5
FI,2013-08,2.1
FI,2013-09,1.8
FI,2013-10,1.7
FI,2013-11,1.8
FI,2013-12,1.9
FI,2014-01,1.9
FI,2014-02,1.6
FI,2014-03,1.3
FI,2014-04,1.3
FI,2014-05,1.0
FI,2014-06,1.1
FI,2014-07,1.0
FI,2014-08,1.2
FI,2014-09,1.5
FI,2014-10,1.2
FI,2014-11,1.1
FI,2014-12,0.6
FI,2015-01,-0.1
FI,2015-02,-0.1
FI,2015-03,0.0
FI,2015-04,-0.1
FI,2015-05,0.1
FI,2015-06,0.1
FI,2015-07,-0.1
FI,2015-08,-0.2
FI,2015-09,-0.7
FI,2015-10,-0.3
FI,2015-11,-0.2
FI,2015-12,-0.2
FI,2016-01,0.0
FI,2016-02,-0.1
FI,2016-03,0.0
FI,2016-04,0.3
FI,2016-05,0.3
FI,2016-06,0.3
FI,2016-07,0.5
FI,2016-08,0.5
FI,2016-09,0.5
FI,2016-10,0.6
FI,2016-11,0.6
FI,2016-12,1.1
FI,2017-01,0.9
FI,2017-02,1.4
FI,2017-03,0.9
FI,2017-04,1.0
FI,2017-05,0.9
FI,2017-06,0.9
FI,2017-07,0.6
FI,2017-08,0.8
FI,2017-09,0.8
FI,2017-10,0.5
FI,2017-11,0.9
FI,2017-12,0.5
FI,2018-01,0.8
FI,2018-02,0.6
FI,2018-03,0.9
FI,2018-04,0.8
FI,2018-05,1.0
FI,2018-06,1.2
FI,2018-07,1.4
FI,2018-08,1.4
FI,2018-09,1.4
FI,2018-10,1.7
FI,2018-11,1.4
FI,2018-12,1.3
FI,2019-01,1.2
FI,2019-02,1.3
FI,2019-03,1.1
FI,2019-04,1.5
FI,2019-05,1.3
FI,2019-06,1.1
FI,2019-07,1.0
FI,2019-08,1.2
FI,2019-09,1.0
FI,2019-10,0.9
FI,2019-11,0.8
FI,2019-12,1.1
FI,2020-01,1.2
FI,2020-02,1.1
FI,2020-03,0.9
FI,2020-04,-0.3
FI,2020-05,-0.1
FI,2020-06,0.1
FI,2020-07,0.7
FI,2020-08,0.3
FI,2020-09,0.3
FI,2020-10,0.2
FI,2020-11,0.2
FI,2020-12,0.2
FI,2021-01,1.0
FI,2021-02,0.9
FI,2021-03,1.4
FI,2021-04,2.2
FI,2021-05,2.3
FI,2021-06,1.9
FI,2021-07,1.8
FI,2021-08,1.8
FI,2021-09,2.1
FI,2021-10,2.8
FI,2021-11,3.5
FI,2021-12,3.2
FI,2022-01,4.1
FI,2022-02,4.4
FI,2022-03,5.8
FI,2022-04,5.8
FI,2022-05,7.1
FI,2022-06,8.1
FI,2022-07,8.0
FI,2022-08,7.9
FI,2022-09,8.4
FI,2022-10,8.4
FI,2022-11,9.1
FI,2022-12,8.8
FI,2023-01,7.9
FI,2023-02,8.0
FI,2023-03,6.7
FI,2023-04,6.3
FI,2023-05,5.0
FI,2023-06,4.1
FI,2023-07,4.2
FI,2023-08,3.1
FI,2023-09,3.0
FI,2023-10,2.4
FI,2023-11,0.7
FI,2023-12,1.3
FI,2024-01,1.1
FI,2024-02,1.1
FI,2024-03,0.6
FI,2024-04,0.6
FI,2024-05,0.4
FI,2024-06,0.5
FI,2024-07,0.5
FI,2024-08,1.1
FI,2024-09,1.0
FI,2024-10,1.5
FI,2024-11,1.7
FI,2024-12,1.6
FI,2025-01,1.7
FI,2025-02,1.5
FI,2025-03,1.8
FI,2025-04,1.9
FI,2025-05,2.0
FI,2025-06,1.9
FI,2025-07,1.9
FI,2025-08,2.2
FI,2025-09,2.2
FI,2025-10,1.4
FI,2025-11,1.5
FI,2025-12,1.7
FR,1997-01,1.8
FR,1997-02,1.7
FR,1997-03,1.1
FR,1997-04,1.0
FR,1997-05,0.9
FR,1997-06,1.0
FR,1997-07,1.1
FR,1997-08,1.6
FR,1997-09,1.4
FR,1997-10,1.1
FR,1997-11,1.4
FR,1997-12,1.2
FR,1998-01,0.6
FR,1998-02,0.7
FR,1998-03,0.8
FR,1998-04,1.0
FR,1998-05,0.9
FR,1998-06,1.1
FR,1998-07,0.8
FR,1998-08,0.7
FR,1998-09,0.5
FR,1998-10,0.5
FR,1998-11,0.2
FR,1998-12,0.3
FR,1999-01,0.3
FR,1999-02,0.3
FR,1999-03,0.4
FR,1999-04,0.5
FR,1999-05,0.4
FR,1999-06,0.3
FR,1999-07,0.4
FR,1999-08,0.5
FR,1999-09,0.6
FR,1999-10,0.8
FR,1999-11,0.9
FR,1999-12,1.3
FR,2000-01,1.7
FR,2000-02,1.4
FR,2000-03,1.6
FR,2000-04,1.3
FR,2000-05,1.5
FR,2000-06,1.8
FR,2000-07,1.9
FR,2000-08,2.0
FR,2000-09,2.3
FR,2000-10,2.1
FR,2000-11,2.3
FR,2000-12,1.8
FR,2001-01,1.3
FR,2001-02,1.5
FR,2001-03,1.5
FR,2001-04,2.0
FR,2001-05,2.4
FR,2001-06,2.2
FR,2001-07,2.2
FR,2001-08,2.0
FR,2001-09,1.6
FR,2001-10,1.8
FR,2001-11,1.3
FR,2001-12,1.5
FR,2002-01,2.4
FR,2002-02,2.2
FR,2002-03,2.2
FR,2002-04,2.1
FR,2002-05,1.6
FR,2002-06,1.4
FR,2002-07,1.6
FR,2002-08,1.8
FR,2002-09,1.8
FR,2002-10,1.9
FR,2002-11,2.1
FR,2002-12,2.2
FR,2003-01,1.9
FR,2003-02,2.6
FR,2003-03,2.5
FR,2003-04,2.0
FR,2003-05,1.8
FR,2003-06,2.0
FR,2003-07,2.0
FR,2003-08,2.0
FR,2003-09,2.2
FR,2003-10,2.3
FR,2003-11,2.5
FR,2003-12,2.4
FR,2004-01,2.2
FR,2004-02,1.9
FR,2004-03,1.9
FR,2004-04,2.4
FR,2004-05,2.8
FR,2004-06,2.7
FR,2004-07,2.6
FR,2004-08,2.6
FR,2004-09,2.2
FR,2004-10,2.3
FR,2004-11,2.2
FR,2004-12,2.2
FR,2005-01,1.6
FR,2005-02,1.9
FR,2005-03,2.1
FR,2005-04,2.0
FR,2005-05,1.7
FR,2005-06,1.8
FR,2005-07,1.8
FR,2005-08,2.0
FR,2005-09,2.3
FR,2005-10,2.0
FR,2005-11,1.8
FR,2005-12,1.8
FR,2006-01,2.2
FR,2006-02,2.0
FR,2006-03,1.7
FR,2006-04,2.0
FR,2006-05,2.3
FR,2006-06,2.2
FR,2006-07,2.2
FR,2006-08,2.1
FR,2006-09,1.5
FR,2006-10,1.2
FR,2006-11,1.6
FR,2006-12,1.7
FR,2007-01,1.4
FR,2007-02,1.2
FR,2007-03,1.2
FR,2007-04,1.3
FR,2007-05,1.2
FR,2007-06,1.3
FR,2007-07,1.2
FR,2007-08,1.3
FR,2007-09,1.6
FR,2007-10,2.1
FR,2007-11,2.6
FR,2007-12,2.8
FR,2008-01,3.2
FR,2008-02,3.2
FR,2008-03,3.5
FR,2008-04,3.4
FR,2008-05,3.7
FR,2008-06,4.0
FR,2008-07,4.0
FR,2008-08,3.5
FR,2008-09,3.4
FR,2008-10,3.0
FR,2008-11,1.9
FR,2008-12,1.2
FR,2009-01,0.8
FR,2009-02,1.0
FR,2009-03,0.4
FR,2009-04,0.1
FR,2009-05,-0.3
FR,2009-06,-0.6
FR,2009-07,-0.8
FR,2009-08,-0.2
FR,2009-09,-0.4
FR,2009-10,-0.2
FR,2009-11,0.5
FR,2009-12,1.0
FR,2010-01,1.2
FR,2010-02,1.4
FR,2010-03,1.7
FR,2010-04,1.9
FR,2010-05,1.9
FR,2010-06,1.7
FR,2010-07,1.9
FR,2010-08,1.6
FR,2010-09,1.8
FR,2010-10,1.8
FR,2010-11,1.8
FR,2010-12,2.0
FR,2011-01,2.0
FR,2011-02,1.8
FR,2011-03,2.2
FR,2011-04,2.2
FR,2011-05,2.2
FR,2011-06,2.3
FR,2011-07,2.1
FR,2011-08,2.4
FR,2011-09,2.4
FR,2011-10,2.5
FR,2011-11,2.7
FR,2011-12,2.7
FR,2012-01,2.6
FR,2012-02,2.5
FR,2012-03,2.6
FR,2012-04,2.4
FR,2012-05,2.3
FR,2012-06,2.3
FR,2012-07,2.2
FR,2012-08,2.4
FR,2012-09,2.2
FR,2012-10,2.1
FR,2012-11,1.6
FR,2012-12,1.5
FR,2013-01,1.4
FR,2013-02,1.2
FR,2013-03,1.1
FR,2013-04,0.8
FR,2013-05,0.9
FR,2013-06,1.0
FR,2013-07,1.2
FR,2013-08,1.0
FR,2013-09,1.0
FR,2013-10,0.7
FR,2013-11,0.8
FR,2013-12,0.8
FR,2014-01,0.8
FR,2014-02,1.1
FR,2014-03,0.8
FR,2014-04,0.8
FR,2014-05,0.8
FR,2014-06,0.6
FR,2014-07,0.6
FR,2014-08,0.5
FR,2014-09,0.4
FR,2014-10,0.5
FR,2014-11,0.4
FR,2014-12,0.1
FR,2015-01,-0.4
FR,2015-02,-0.3
FR,2015-03,0.0
FR,2015-04,0.1
FR,2015-05,0.3
FR,2015-06,0.3
FR,2015-07,0.2
FR,2015-08,0.1
FR,2015-09,0.1
FR,2015-10,0.2
FR,2015-11,0.1
FR,2015-12,0.3
FR,2016-01,0.3
FR,2016-02,-0.1
FR,2016-03,-0.1
FR,2016-04,-0.1
FR,2016-05,0.1
FR,2016-06,0.3
FR,2016-07,0.4
FR,2016-08,0.4
FR,2016-09,0.5
FR,2016-10,0.5
FR,2016-11,0.7
FR,2016-12,0.8
FR,2017-01,1.6
FR,2017-02,1.4
FR,2017-03,1.4
FR,2017-04,1.4
FR,2017-05,0.9
FR,2017-06,0.8
FR,2017-07,0.8
FR,2017-08,1.0
FR,2017-09,1.1
FR,2017-10,1.2
FR,2017-11,1.2
FR,2017-12,1.2
FR,2018-01,1.5
FR,2018-02,1.3
FR,2018-03,1.7
FR,2018-04,1.8
FR,2018-05,2.3
FR,2018-06,2.3
FR,2018-07,2.6
FR,2018-08,2.6
FR,2018-09,2.5
FR,2018-10,2.5
FR,2018-11,2.2
FR,2018-12,1.9
FR,2019-01,1.4
FR,2019-02,1.6
FR,2019-03,1.3
FR,2019-04,1.5
FR,2019-05,1.1
FR,2019-06,1.4
FR,2019-07,1.3
FR,2019-08,1.3
FR,2019-09,1.1
FR,2019-10,0.9
FR,2019-11,1.2
FR,2019-12,1.6
FR,2020-01,1.7
FR,2020-02,1.6
FR,2020-03,0.8
FR,2020-04,0.4
FR,2020-05,0.4
FR,2020-06,0.2
FR,2020-07,0.9
FR,2020-08,0.2
FR,2020-09,0.0
FR,2020-10,0.1
FR,2020-11,0.2
FR,2020-12,0.0
FR,2021-01,0.8
FR,2021-02,0.8
FR,2021-03,1.4
FR,2021-04,1.6
FR,2021-05,1.8
FR,2021-06,1.9
FR,2021-07,1.5
FR,2021-08,2.4
FR,2021-09,2.7
FR,2021-10,3.2
FR,2021-11,3.4
FR,2021-12,3.4
FR,2022-01,3.3
FR,2022-02,4.2
FR,2022-03,5.1
FR,2022-04,5.4
FR,2022-05,5.8
FR,2022-06,6.5
FR,2022-07,6.8
FR,2022-08,6.6
FR,2022-09,6.2
FR,2022-10,7.1
FR,2022-11,7.1
FR,2022-12,6.7
FR,2023-01,7.0
FR,2023-02,7.3
FR,2023-03,6.7
FR,2023-04,6.9
FR,2023-05,6.0
FR,2023-06,5.3
FR,2023-07,5.1
FR,2023-08,5.7
FR,2023-09,5.7
FR,2023-10,4.5
FR,2023-11,3.9
FR,2023-12,4.1
FR,2024-01,3.4
FR,2024-02,3.2
FR,2024-03,2.4
FR,2024-04,2.4
FR,2024-05,2.6
FR,2024-06,2.5
FR,2024-07,2.7
FR,2024-08,2.2
FR,2024-09,1.4
FR,2024-10,1.6
FR,2024-11,1.7
FR,2024-12,1.8
FR,2025-01,1.8
FR,2025-02,0.9
FR,2025-03,0.9
FR,2025-04,0.9
FR,2025-05,0.6
FR,2025-06,0.9
FR,2025-07,0.9
FR,2025-08,0.8
FR,2025-09,1.1
FR,2025-10,0.8
FR,2025-11,0.8
FR,2025-12,0.7
HR,1999-01,4.1
HR,1999-02,4.0
HR,1999-03,3.8
HR,1999-04,3.5
HR,1999-05,3.5
HR,1999-06,3.4
HR,1999-07,4.2
HR,1999-08,4.1
HR,1999-09,3.9
HR,1999-10,4.0
HR,1999-11,3.1
HR,1999-12,3.4
HR,2000-01,3.1
HR,2000-02,3.2
HR,2000-03,3.5
HR,2000-04,3.9
HR,2000-05,3.4
HR,2000-06,4.5
HR,2000-07,4.6
HR,2000-08,4.8
HR,2000-09,5.2
HR,2000-10,5.3
HR,2000-11,6.1
HR,2000-12,5.9
HR,2001-01,5.4
HR,2001-02,5.4
HR,2001-03,4.5
HR,2001-04,5.6
HR,2001-05,6.1
HR,2001-06,4.8
HR,2001-07,3.4
HR,2001-08,4.2
HR,2001-09,3.8
HR,2001-10,3.1
HR,2001-11,2.6
HR,2001-12,2.4
HR,2002-01,3.3
HR,2002-02,2.8
HR,2002-03,3.3
HR,2002-04,2.1
HR,2002-05,1.9
HR,2002-06,2.0
HR,2002-07,2.7
HR,2002-08,1.8
HR,2002-09,2.2
HR,2002-10,2.7
HR,2002-11,2.8
HR,2002-12,2.8
HR,2003-01,2.3
HR,2003-02,2.5
HR,2003-03,2.8
HR,2003-04,2.0
HR,2003-05,2.2
HR,2003-06,2.3
HR,2003-07,3.0
HR,2003-08,3.1
HR,2003-09,2.1
HR,2003-10,2.1
HR,2003-11,2.3
HR,2003-12,2.2
HR,2004-01,2.3
HR,2004-02,2.0
HR,2004-03,2.0
HR,2004-04,2.7
HR,2004-05,2.9
HR,2004-06,2.8
HR,2004-07,1.9
HR,2004-08,1.8
HR,2004-09,1.6
HR,2004-10,1.9
HR,2004-11,1.8
HR,2004-12,2.0
HR,2005-01,1.4
HR,2005-02,2.3
HR,2005-03,2.6
HR,2005-04,3.0
HR,2005-05,2.2
HR,2005-06,2.7
HR,2005-07,3.1
HR,2005-08,3.1
HR,2005-09,3.8
HR,2005-10,3.9
HR,2005-11,3.9
HR,2005-12,4.0
HR,2006-01,4.3
HR,2006-02,4.1
HR,2006-03,3.7
HR,2006-04,3.6
HR,2006-05,4.1
HR,2006-06,4.1
HR,2006-07,3.1
HR,2006-08,3.2
HR,2006-09,2.7
HR,2006-10,2.2
HR,2006-11,2.4
HR,2006-12,2.1
HR,2007-01,1.9
HR,2007-02,1.5
HR,2007-03,2.0
HR,2007-04,2.0
HR,2007-05,2.0
HR,2007-06,1.4
HR,2007-07,1.7
HR,2007-08,2.2
HR,2007-09,3.4
HR,2007-10,3.9
HR,2007-11,4.5
HR,2007-12,5.4
HR,2008-01,5.8
HR,2008-02,5.4
HR,2008-03,5.4
HR,2008-04,5.4
HR,2008-05,6.1
HR,2008-06,7.3
HR,2008-07,8.0
HR,2008-08,7.1
HR,2008-09,6.2
HR,2008-10,5.7
HR,2008-11,4.5
HR,2008-12,2.8
HR,2009-01,3.2
HR,2009-02,3.8
HR,2009-03,3.4
HR,2009-04,3.5
HR,2009-05,2.5
HR,2009-06,1.9
HR,2009-07,1.2
HR,2009-08,1.5
HR,2009-09,0.9
HR,2009-10,1.2
HR,2009-11,1.8
HR,2009-12,1.8
HR,2010-01,1.3
HR,2010-02,0.9
HR,2010-03,1.1
HR,2010-04,0.8
HR,2010-05,0.9
HR,2010-06,0.6
HR,2010-07,0.9
HR,2010-08,0.8
HR,2010-09,1.4
HR,2010-10,1.4
HR,2010-11,1.2
HR,2010-12,1.7
HR,2011-01,1.8
HR,2011-02,2.2
HR,2011-03,2.5
HR,2011-04,2.3
HR,2011-05,2.5
HR,2011-06,2.0
HR,2011-07,1.9
HR,2011-08,2.1
HR,2011-09,2.1
HR,2011-10,2.5
HR,2011-11,2.5
HR,2011-12,2.1
HR,2012-01,1.4
HR,2012-02,1.6
HR,2012-03,2.1
HR,2012-04,2.6
HR,2012-05,3.5
HR,2012-06,3.6
HR,2012-07,3.4
HR,2012-08,4.1
HR,2012-09,4.8
HR,2012-10,4.6
HR,2012-11,4.1
HR,2012-12,4.4
HR,2013-01,4.6
HR,2013-02,4.4
HR,2013-03,3.4
HR,2013-04,3.1
HR,2013-05,1.8
HR,2013-06,2.2
HR,2013-07,2.7
HR,2013-08,2.4
HR,2013-09,1.7
HR,2013-10,0.8
HR,2013-11,0.7
HR,2013-12,0.5
HR,2014-01,0.4
HR,2014-02,-0.2
HR,2014-03,-0.1
HR,2014-04,-0.1
HR,2014-05,0.4
HR,2014-06,0.5
HR,2014-07,0.5
HR,2014-08,0.3
HR,2014-09,0.2
HR,2014-10,0.5
HR,2014-11,0.3
HR,2014-12,-0.1
HR,2015-01,-0.6
HR,2015-02,-0.4
HR,2015-03,0.0
HR,2015-04,-0.1
HR,2015-05,0.0
HR,2015-06,0.1
HR,2015-07,-0.2
HR,2015-08,-0.1
HR,2015-09,-0.5
HR,2015-10,-0.5
HR,2015-11,-0.4
HR,2015-12,-0.3
HR,2016-01,-0.2
HR,2016-02,-0.6
HR,2016-03,-0.9
HR,2016-04,-0.9
HR,2016-05,-1.2
HR,2016-06,-1.2
HR,2016-07,-1.1
HR,2016-08,-1.5
HR,2016-09,-0.7
HR,2016-10,-0.3
HR,2016-11,0.2
HR,2016-12,0.7
HR,2017-01,0.9
HR,2017-02,1.4
HR,2017-03,1.1
HR,2017-04,1.4
HR,2017-05,1.0
HR,2017-06,1.1
HR,2017-07,1.2
HR,2017-08,1.5
HR,2017-09,1.6
HR,2017-10,1.6
HR,2017-11,1.6
HR,2017-12,1.3
HR,2018-01,1.2
HR,2018-02,0.9
HR,2018-03,1.2
HR,2018-04,1.4
HR,2018-05,1.8
HR,2018-06,2.2
HR,2018-07,2.2
HR,2018-08,2.1
HR,2018-09,1.6
HR,2018-10,1.7
HR,2018-11,1.3
HR,2018-12,1.0
HR,2019-01,0.6
HR,2019-02,0.8
HR,2019-03,1.1
HR,2019-04,0.8
HR,2019-05,1.0
HR,2019-06,0.5
HR,2019-07,0.9
HR,2019-08,0.6
HR,2019-09,0.6
HR,2019-10,0.6
HR,2019-11,0.8
HR,2019-12,1.3
HR,2020-01,1.8
HR,2020-02,1.2
HR,2020-03,0.5
HR,2020-04,-0.1
HR,2020-05,-0.7
HR,2020-06,-0.4
HR,2020-07,-0.6
HR,2020-08,-0.4
HR,2020-09,-0.3
HR,2020-10,-0.2
HR,2020-11,0.0
HR,2020-12,-0.3
HR,2021-01,0.0
HR,2021-02,0.7
HR,2021-03,1.6
HR,2021-04,2.1
HR,2021-05,2.4
HR,2021-06,2.2
HR,2021-07,2.7
HR,2021-08,3.1
HR,2021-09,3.5
HR,2021-10,3.9
HR,2021-11,4.7
HR,2021-12,5.2
HR,2022-01,5.5
HR,2022-02,6.3
HR,2022-03,7.3
HR,2022-04,9.6
HR,2022-05,10.7
HR,2022-06,12.1
HR,2022-07,12.7
HR,2022-08,12.6
HR,2022-09,12.6
HR,2022-10,12.7
HR,2022-11,13.0
HR,2022-12,12.7
HR,2023-01,12.5
HR,2023-02,11.7
HR,2023-03,10.5
HR,2023-04,8.9
HR,2023-05,8.3
HR,2023-06,8.3
HR,2023-07,8.0
HR,2023-08,8.4
HR,2023-09,7.4
HR,2023-10,6.7
HR,2023-11,5.5
HR,2023-12,5.4
HR,2024-01,4.8
HR,2024-02,4.8
HR,2024-03,4.9
HR,2024-04,4.7
HR,2024-05,4.3
HR,2024-06,3.5
HR,2024-07,3.3
HR,2024-08,3.0
HR,2024-09,3.1
HR,2024-10,3.6
HR,2024-11,4.0
HR,2024-12,4.5
HR,2025-01,5.0
HR,2025-02,4.8
HR,2025-03,4.3
HR,2025-04,4.0
HR,2025-05,4.3
HR,2025-06,4.4
HR,2025-07,4.5
HR,2025-08,4.6
HR,2025-09,4.6
HR,2025-10,4.0
HR,2025-11,4.3
HR,2025-12,3.8
HU,1997-01,19.1
HU,1997-02,18.8
HU,1997-03,19.1
HU,1997-04,18.7
HU,1997-05,17.8
HU,1997-06,18.9
HU,1997-07,18.2
HU,1997-08,18.1
HU,1997-09,18.1
HU,1997-10,17.9
HU,1997-11,18.4
HU,1997-12,18.6
HU,1998-01,17.7
HU,1998-02,17.3
HU,1998-03,16.6
HU,1998-04,16.3
HU,1998-05,16.1
HU,1998-06,14.3
HU,1998-07,14.1
HU,1998-08,13.4
HU,1998-09,12.4
HU,1998-10,12.2
HU,1998-11,11.0
HU,1998-12,10.1
HU,1999-01,9.7
HU,1999-02,9.2
HU,1999-03,9.1
HU,1999-04,9.2
HU,1999-05,8.7
HU,1999-06,8.9
HU,1999-07,10.1
HU,1999-08,11.0
HU,1999-09,10.9
HU,1999-10,10.6
HU,1999-11,10.9
HU,1999-12,11.4
HU,2000-01,10.2
HU,2000-02,10.0
HU,2000-03,9.8
HU,2000-04,9.4
HU,2000-05,9.2
HU,2000-06,9.3
HU,2000-07,9.8
HU,2000-08,9.8
HU,2000-09,10.6
HU,2000-10,10.6
HU,2000-11,10.5
HU,2000-12,10.0
HU,2001-01,10.0
HU,2001-02,10.3
HU,2001-03,10.3
HU,2001-04,10.3
HU,2001-05,10.7
HU,2001-06,10.5
HU,2001-07,9.4
HU,2001-08,8.7
HU,2001-09,7.9
HU,2001-10,7.5
HU,2001-11,7.1
HU,2001-12,6.8
HU,2002-01,6.6
HU,2002-02,6.2
HU,2002-03,6.0
HU,2002-04,6.0
HU,2002-05,5.6
HU,2002-06,4.8
HU,2002-07,4.5
HU,2002-08,4.4
HU,2002-09,4.6
HU,2002-10,4.9
HU,2002-11,4.8
HU,2002-12,4.9
HU,2003-01,4.8
HU,2003-02,4.7
HU,2003-03,4.8
HU,2003-04,3.9
HU,2003-05,3.5
HU,2003-06,4.4
HU,2003-07,4.7
HU,2003-08,4.8
HU,2003-09,4.6
HU,2003-10,4.8
HU,2003-11,5.6
HU,2003-12,5.6
HU,2004-01,6.7
HU,2004-02,7.0
HU,2004-03,6.7
HU,2004-04,6.9
HU,2004-05,7.8
HU,2004-06,7.4
HU,2004-07,7.2
HU,2004-08,7.2
HU,2004-09,6.7
HU,2004-10,6.4
HU,2004-11,5.8
HU,2004-12,5.5
HU,2005-01,4.0
HU,2005-02,3.3
HU,2005-03,3.3
HU,2005-04,3.8
HU,2005-05,3.5
HU,2005-06,3.7
HU,2005-07,3.6
HU,2005-08,3.5
HU,2005-09,3.6
HU,2005-10,3.1
HU,2005-11,3.2
HU,2005-12,3.3
HU,2006-01,2.4
HU,2006-02,2.3
HU,2006-03,2.4
HU,2006-04,2.4
HU,2006-05,2.9
HU,2006-06,2.9
HU,2006-07,3.1
HU,2006-08,4.7
HU,2006-09,5.9
HU,2006-10,6.4
HU,2006-11,6.4
HU,2006-12,6.6
HU,2007-01,8.4
HU,2007-02,9.0
HU,2007-03,9.0
HU,2007-04,8.7
HU,2007-05,8.4
HU,2007-06,8.5
HU,2007-07,8.3
HU,2007-08,7.1
HU,2007-09,6.4
HU,2007-10,6.9
HU,2007-11,7.2
HU,2007-12,7.4
HU,2008-01,7.4
HU,2008-02,6.7
HU,2008-03,6.7
HU,2008-04,6.8
HU,2008-05,6.9
HU,2008-06,6.7
HU,2008-07,7.0
HU,2008-08,6.4
HU,2008-09,5.6
HU,2008-10,5.1
HU,2008-11,4.1
HU,2008-12,3.4
HU,2009-01,2.4
HU,2009-02,2.9
HU,2009-03,2.8
HU,2009-04,3.2
HU,2009-05,3.8
HU,2009-06,3.7
HU,2009-07,4.9
HU,2009-08,5.0
HU,2009-09,4.7
HU,2009-10,4.2
HU,2009-11,5.2
HU,2009-12,5.4
HU,2010-01,6.2
HU,2010-02,5.6
HU,2010-03,5.8
HU,2010-04,5.7
HU,2010-05,4.9
HU,2010-06,5.0
HU,2010-07,3.6
HU,2010-08,3.6
HU,2010-09,3.7
HU,2010-10,4.3
HU,2010-11,4.0
HU,2010-12,4.6
HU,2011-01,4.0
HU,2011-02,4.2
HU,2011-03,4.6
HU,2011-04,4.4
HU,2011-05,3.9
HU,2011-06,3.5
HU,2011-07,3.1
HU,2011-08,3.5
HU,2011-09,3.7
HU,2011-10,3.8
HU,2011-11,4.3
HU,2011-12,4.1
HU,2012-01,5.6
HU,2012-02,5.8
HU,2012-03,5.5
HU,2012-04,5.6
HU,2012-05,5.4
HU,2012-06,5.6
HU,2012-07,5.7
HU,2012-08,6.0
HU,2012-09,6.4
HU,2012-10,6.0
HU,2012-11,5.3
HU,2012-12,5.1
HU,2013-01,2.8
HU,2013-02,2.9
HU,2013-03,2.3
HU,2013-04,1.8
HU,2013-05,1.8
HU,2013-06,2.0
HU,2013-07,1.8
HU,2013-08,1.6
HU,2013-09,1.6
HU,2013-10,1.1
HU,2013-11,0.4
HU,2013-12,0.6
HU,2014-01,0.8
HU,2014-02,0.3
HU,2014-03,0.2
HU,2014-04,-0.2
HU,2014-05,0.0
HU,2014-06,-0.1
HU,2014-07,0.5
HU,2014-08,0.3
HU,2014-09,-0.5
HU,2014-10,-0.3
HU,2014-11,0.1
HU,2014-12,-0.8
HU,2015-01,-1.4
HU,2015-02,-0.9
HU,2015-03,-0.5
HU,2015-04,0.0
HU,2015-05,0.6
HU,2015-06,0.7
HU,2015-07,0.5
HU,2015-08,0.1
HU,2015-09,-0.1
HU,2015-10,0.2
HU,2015-11,0.6
HU,2015-12,1.0
HU,2016-01,1.0
HU,2016-02,0.3
HU,2016-03,-0.2
HU,2016-04,0.3
HU,2016-05,-0.1
HU,2016-06,-0.1
HU,2016-07,-0.3
HU,2016-08,-0.1
HU,2016-09,0.7
HU,2016-10,1.1
HU,2016-11,1.1
HU,2016-12,1.8
HU,2017-01,2.4
HU,2017-02,2.9
HU,2017-03,2.7
HU,2017-04,2.3
HU,2017-05,2.1
HU,2017-06,2.0
HU,2017-07,2.2
HU,2017-08,2.7
HU,2017-09,2.5
HU,2017-10,2.2
HU,2017-11,2.6
HU,2017-12,2.2
HU,2018-01,2.1
HU,2018-02,1.9
HU,2018-03,2.0
HU,2018-04,2.4
HU,2018-05,2.9
HU,2018-06,3.2
HU,2018-07,3.4
HU,2018-08,3.4
HU,2018-09,3.7
HU,2018-10,3.9
HU,2018-11,3.2
HU,2018-12,2.8
HU,2019-01,2.8
HU,2019-02,3.2
HU,2019-03,3.8
HU,2019-04,3.9
HU,2019-05,4.0
HU,2019-06,3.4
HU,2019-07,3.3
HU,2019-08,3.2
HU,2019-09,2.9
HU,2019-10,3.0
HU,2019-11,3.4
HU,2019-12,4.1
HU,2020-01,4.7
HU,2020-02,4.4
HU,2020-03,3.9
HU,2020-04,2.5
HU,2020-05,2.2
HU,2020-06,2.9
HU,2020-07,3.9
HU,2020-08,4.0
HU,2020-09,3.4
HU,2020-10,3.0
HU,2020-11,2.8
HU,2020-12,2.8
HU,2021-01,2.9
HU,2021-02,3.3
HU,2021-03,3.9
HU,2021-04,5.2
HU,2021-05,5.3
HU,2021-06,5.3
HU,2021-07,4.7
HU,2021-08,4.9
HU,2021-09,5.5
HU,2021-10,6.6
HU,2021-11,7.5
HU,2021-12,7.4
HU,2022-01,7.9
HU,2022-02,8.4
HU,2022-03,8.6
HU,2022-04,9.6
HU,2022-05,10.8
HU,2022-06,12.6
HU,2022-07,14.7
HU,2022-08,18.6
HU,2022-09,20.7
HU,2022-10,21.9
HU,2022-11,23.1
HU,2022-12,25.0
HU,2023-01,26.2
HU,2023-02,25.8
HU,2023-03,25.6
HU,2023-04,24.4
HU,2023-05,21.9
HU,2023-06,19.9
HU,2023-07,17.5
HU,2023-08,14.2
HU,2023-09,12.2
HU,2023-10,9.6
HU,2023-11,7.7
HU,2023-12,5.5
HU,2024-01,3.7
HU,2024-02,3.6
HU,2024-03,3.6
HU,2024-04,3.6
HU,2024-05,3.9
HU,2024-06,3.6
HU,2024-07,4.1
HU,2024-08,3.4
HU,2024-09,3.0
HU,2024-10,3.4
HU,2024-11,3.9
HU,2024-12,4.8
HU,2025-01,5.7
HU,2025-02,5.7
HU,2025-03,4.8
HU,2025-04,4.2
HU,2025-05,4.5
HU,2025-06,4.6
HU,2025-07,4.2
HU,2025-08,4.2
HU,2025-09,4.3
HU,2025-10,4.2
HU,2025-11,3.7
HU,2025-12,3.3
IE,1997-01,1.8
IE,1997-02,1.7
IE,1997-03,1.3
IE,1997-04,1.6
IE,1997-05,1.5
IE,1997-06,1.4
IE,1997-07,1.6
IE,1997-08,0.7
IE,1997-09,0.6
IE,1997-10,0.9
IE,1997-11,1.0
IE,1997-12,1.0
IE,1998-01,1.3
IE,1998-02,1.0
IE,1998-03,1.6
IE,1998-04,2.0
IE,1998-05,2.3
IE,1998-06,2.6
IE,1998-07,2.4
IE,1998-08,2.9
IE,1998-09,2.7
IE,1998-10,2.6
IE,1998-11,2.3
IE,1998-12,2.1
IE,1999-01,2.0
IE,1999-02,2.3
IE,1999-03,2.0
IE,1999-04,2.0
IE,1999-05,2.4
IE,1999-06,2.1
IE,1999-07,2.0
IE,1999-08,2.5
IE,1999-09,2.6
IE,1999-10,2.8
IE,1999-11,2.9
IE,1999-12,3.9
IE,2000-01,4.5
IE,2000-02,4.6
IE,2000-03,5.0
IE,2000-04,5.1
IE,2000-05,5.1
IE,2000-06,5.4
IE,2000-07,5.9
IE,2000-08,5.7
IE,2000-09,5.5
IE,2000-10,5.9
IE,2000-11,5.9
IE,2000-12,4.7
IE,2001-01,3.9
IE,2001-02,4.0
IE,2001-03,4.1
IE,2001-04,4.2
IE,2001-05,4.2
IE,2001-06,4.3
IE,2001-07,4.0
IE,2001-08,3.7
IE,2001-09,3.8
IE,2001-10,3.8
IE,2001-11,3.6
IE,2001-12,4.3
IE,2002-01,5.3
IE,2002-02,5.0
IE,2002-03,5.1
IE,2002-04,5.2
IE,2002-05,5.0
IE,2002-06,4.5
IE,2002-07,4.1
IE,2002-08,4.5
IE,2002-09,4.4
IE,2002-10,4.4
IE,2002-11,4.6
IE,2002-12,4.5
IE,2003-01,4.8
IE,2003-02,5.1
IE,2003-03,4.9
IE,2003-04,4.5
IE,2003-05,3.9
IE,2003-06,3.7
IE,2003-07,3.9
IE,2003-08,4.0
IE,2003-09,3.8
IE,2003-10,3.3
IE,2003-11,3.3
IE,2003-12,3.0
IE,2004-01,2.2
IE,2004-02,2.2
IE,2004-03,1.8
IE,2004-04,1.7
IE,2004-05,2.1
IE,2004-06,2.5
IE,2004-07,2.5
IE,2004-08,2.5
IE,2004-09,2.4
IE,2004-10,2.5
IE,2004-11,2.7
IE,2004-12,2.4
IE,2005-01,2.1
IE,2005-02,2.0
IE,2005-03,1.9
IE,2005-04,2.1
IE,2005-05,2.1
IE,2005-06,2.0
IE,2005-07,2.2
IE,2005-08,2.1
IE,2005-09,2.8
IE,2005-10,2.7
IE,2005-11,2.2
IE,2005-12,1.9
IE,2006-01,2.3
IE,2006-02,2.7
IE,2006-03,2.8
IE,2006-04,2.8
IE,2006-05,3.1
IE,2006-06,2.8
IE,2006-07,3.0
IE,2006-08,3.1
IE,2006-09,2.2
IE,2006-10,2.2
IE,2006-11,2.4
IE,2006-12,3.0
IE,2007-01,3.0
IE,2007-02,2.7
IE,2007-03,3.0
IE,2007-04,2.9
IE,2007-05,2.7
IE,2007-06,2.8
IE,2007-07,2.7
IE,2007-08,2.4
IE,2007-09,2.9
IE,2007-10,3.0
IE,2007-11,3.5
IE,2007-12,3.2
IE,2008-01,3.1
IE,2008-02,3.4
IE,2008-03,3.8
IE,2008-04,3.4
IE,2008-05,3.7
IE,2008-06,3.9
IE,2008-07,3.5
IE,2008-08,3.2
IE,2008-09,3.2
IE,2008-10,2.8
IE,2008-11,2.1
IE,2008-12,1.3
IE,2009-01,1.2
IE,2009-02,0.1
IE,2009-03,-0.8
IE,2009-04,-0.8
IE,2009-05,-1.7
IE,2009-06,-2.1
IE,2009-07,-2.5
IE,2009-08,-2.4
IE,2009-09,-2.9
IE,2009-10,-2.9
IE,2009-11,-2.8
IE,2009-12,-2.6
IE,2010-01,-2.5
IE,2010-02,-2.4
IE,2010-03,-2.4
IE,2010-04,-2.4
IE,2010-05,-1.9
IE,2010-06,-2.0
IE,2010-07,-1.2
IE,2010-08,-1.2
IE,2010-09,-1.1
IE,2010-10,-0.7
IE,2010-11,-0.9
IE,2010-12,-0.2
IE,2011-01,0.3
IE,2011-02,0.9
IE,2011-03,1.2
IE,2011-04,1.5
IE,2011-05,1.2
IE,2011-06,1.1
IE,2011-07,1.0
IE,2011-08,1.0
IE,2011-09,1.4
IE,2011-10,1.6
IE,2011-11,1.8
IE,2011-12,1.5
IE,2012-01,1.2
IE,2012-02,1.5
IE,2012-03,2.2
IE,2012-04,1.8
IE,2012-05,1.8
IE,2012-06,1.8
IE,2012-07,2.0
IE,2012-08,2.6
IE,2012-09,2.5
IE,2012-10,2.0
IE,2012-11,1.5
IE,2012-12,1.7
IE,2013-01,1.5
IE,2013-02,1.2
IE,2013-03,0.6
IE,2013-04,0.5
IE,2013-05,0.4
IE,2013-06,0.7
IE,2013-07,0.8
IE,2013-08,0.1
IE,2013-09,0.0
IE,2013-10,-0.1
IE,2013-11,0.3
IE,2013-12,0.3
IE,2014-01,0.3
IE,2014-02,0.1
IE,2014-03,0.2
IE,2014-04,0.3
IE,2014-05,0.4
IE,2014-06,0.5
IE,2014-07,0.4
IE,2014-08,0.6
IE,2014-09,0.5
IE,2014-10,0.4
IE,2014-11,0.2
IE,2014-12,-0.3
IE,2015-01,-0.4
IE,2015-02,-0.4
IE,2015-03,-0.2
IE,2015-04,-0.3
IE,2015-05,0.2
IE,2015-06,0.4
IE,2015-07,0.2
IE,2015-08,0.2
IE,2015-09,-0.1
IE,2015-10,-0.1
IE,2015-11,-0.1
IE,2015-12,0.2
IE,2016-01,0.0
IE,2016-02,-0.2
IE,2016-03,-0.6
IE,2016-04,-0.2
IE,2016-05,-0.2
IE,2016-06,0.1
IE,2016-07,0.1
IE,2016-08,-0.4
IE,2016-09,-0.3
IE,2016-10,-0.4
IE,2016-11,-0.2
IE,2016-12,-0.2
IE,2017-01,0.2
IE,2017-02,0.3
IE,2017-03,0.6
IE,2017-04,0.7
IE,2017-05,0.0
IE,2017-06,-0.6
IE,2017-07,-0.2
IE,2017-08,0.4
IE,2017-09,0.2
IE,2017-10,0.5
IE,2017-11,0.5
IE,2017-12,0.5
IE,2018-01,0.3
IE,2018-02,0.7
IE,2018-03,0.5
IE,2018-04,-0.1
IE,2018-05,0.7
IE,2018-06,0.7
IE,2018-07,1.0
IE,2018-08,0.9
IE,2018-09,1.2
IE,2018-10,1.1
IE,2018-11,0.8
IE,2018-12,0.8
IE,2019-01,0.8
IE,2019-02,0.7
IE,2019-03,1.1
IE,2019-04,1.7
IE,2019-05,1.0
IE,2019-06,1.1
IE,2019-07,0.5
IE,2019-08,0.6
IE,2019-09,0.6
IE,2019-10,0.6
IE,2019-11,0.8
IE,2019-12,1.1
IE,2020-01,1.1
IE,2020-02,0.9
IE,2020-03,0.5
IE,2020-04,-0.3
IE,2020-05,-0.8
IE,2020-06,-0.6
IE,2020-07,-0.6
IE,2020-08,-1.1
IE,2020-09,-1.2
IE,2020-10,-1.5
IE,2020-11,-1.0
IE,2020-12,-1.0
IE,2021-01,-0.1
IE,2021-02,-0.4
IE,2021-03,0.1
IE,2021-04,1.1
IE,2021-05,1.9
IE,2021-06,1.6
IE,2021-07,2.2
IE,2021-08,3.0
IE,2021-09,3.8
IE,2021-10,5.1
IE,2021-11,5.4
IE,2021-12,5.7
IE,2022-01,5.0
IE,2022-02,5.7
IE,2022-03,6.9
IE,2022-04,7.3
IE,2022-05,8.3
IE,2022-06,9.6
IE,2022-07,9.6
IE,2022-08,9.0
IE,2022-09,8.6
IE,2022-10,9.4
IE,2022-11,9.0
IE,2022-12,8.2
IE,2023-01,7.5
IE,2023-02,8.1
IE,2023-03,7.0
IE,2023-04,6.3
IE,2023-05,5.4
IE,2023-06,4.8
IE,2023-07,4.6
IE,2023-08,4.9
IE,2023-09,5.0
IE,2023-10,3.6
IE,2023-11,2.5
IE,2023-12,3.2
IE,2024-01,2.7
IE,2024-02,2.3
IE,2024-03,1.7
IE,2024-04,1.6
IE,2024-05,2.0
IE,2024-06,1.5
IE,2024-07,1.5
IE,2024-08,1.1
IE,2024-09,0.0
IE,2024-10,0.1
IE,2024-11,0.5
IE,2024-12,1.0
IE,2025-01,1.7
IE,2025-02,1.4
IE,2025-03,1.8
IE,2025-04,2.0
IE,2025-05,1.4
IE,2025-06,1.6
IE,2025-07,1.6
IE,2025-08,1.9
IE,2025-09,2.7
IE,2025-10,2.8
IE,2025-11,3.1
IE,2025-12,2.7
IT,1997-01,2.7
IT,1997-02,2.4
IT,1997-03,2.2
IT,1997-04,1.9
IT,1997-05,1.9
IT,1997-06,1.6
IT,1997-07,1.7
IT,1997-08,1.6
IT,1997-09,1.6
IT,1997-10,1.9
IT,1997-11,1.7
IT,1997-12,1.7
IT,1998-01,1.9
IT,1998-02,2.0
IT,1998-03,2.0
IT,1998-04,2.2
IT,1998-05,1.9
IT,1998-06,2.0
IT,1998-07,2.0
IT,1998-08,2.1
IT,1998-09,2.1
IT,1998-10,1.9
IT,1998-11,1.7
IT,1998-12,1.6
IT,1999-01,1.4
IT,1999-02,1.4
IT,1999-03,1.4
IT,1999-04,1.3
IT,1999-05,1.5
IT,1999-06,1.4
IT,1999-07,1.7
IT,1999-08,1.5
IT,1999-09,1.8
IT,1999-10,2.0
IT,1999-11,2.0
IT,1999-12,2.2
IT,2000-01,2.2
IT,2000-02,2.4
IT,2000-03,2.5
IT,2000-04,2.4
IT,2000-05,2.5
IT,2000-06,2.8
IT,2000-07,2.8
IT,2000-08,2.8
IT,2000-09,2.8
IT,2000-10,2.7
IT,2000-11,2.9
IT,2000-12,2.7
IT,2001-01,2.5
IT,2001-02,1.5
IT,2001-03,2.2
IT,2001-04,3.0
IT,2001-05,2.8
IT,2001-06,2.8
IT,2001-07,2.3
IT,2001-08,2.0
IT,2001-09,2.0
IT,2001-10,2.3
IT,2001-11,2.3
IT,2001-12,2.3
IT,2002-01,2.3
IT,2002-02,2.5
IT,2002-03,2.5
IT,2002-04,2.5
IT,2002-05,2.5
IT,2002-06,2.4
IT,2002-07,2.5
IT,2002-08,2.5
IT,2002-09,2.9
IT,2002-10,2.9
IT,2002-11,2.9
IT,2002-12,3.0
IT,2003-01,2.9
IT,2003-02,2.6
IT,2003-03,3.0
IT,2003-04,3.0
IT,2003-05,2.8
IT,2003-06,2.8
IT,2003-07,2.8
IT,2003-08,2.8
IT,2003-09,2.9
IT,2003-10,2.8
IT,2003-11,2.8
IT,2003-12,2.5
IT,2004-01,2.2
IT,2004-02,2.4
IT,2004-03,2.3
IT,2004-04,2.4
IT,2004-05,2.4
IT,2004-06,2.4
IT,2004-07,2.2
IT,2004-08,2.4
IT,2004-09,2.1
IT,2004-10,2.1
IT,2004-11,2.0
IT,2004-12,2.3
IT,2005-01,2.0
IT,2005-02,2.1
IT,2005-03,2.2
IT,2005-04,2.1
IT,2005-05,2.3
IT,2005-06,2.2
IT,2005-07,2.2
IT,2005-08,2.2
IT,2005-09,2.2
IT,2005-10,2.5
IT,2005-11,2.4
IT,2005-12,2.0
IT,2006-01,2.2
IT,2006-02,2.2
IT,2006-03,2.2
IT,2006-04,2.4
IT,2006-05,2.3
IT,2006-06,2.4
IT,2006-07,2.4
IT,2006-08,2.3
IT,2006-09,2.5
IT,2006-10,1.9
IT,2006-11,2.0
IT,2006-12,2.1
IT,2007-01,1.9
IT,2007-02,2.1
IT,2007-03,2.0
IT,2007-04,1.8
IT,2007-05,1.9
IT,2007-06,2.0
IT,2007-07,1.6
IT,2007-08,1.6
IT,2007-09,1.7
IT,2007-10,2.3
IT,2007-11,2.5
IT,2007-12,2.8
IT,2008-01,3.2
IT,2008-02,3.0
IT,2008-03,3.6
IT,2008-04,3.4
IT,2008-05,3.8
IT,2008-06,4.0
IT,2008-07,4.0
IT,2008-08,4.3
IT,2008-09,3.9
IT,2008-10,3.6
IT,2008-11,2.8
IT,2008-12,2.4
IT,2009-01,1.4
IT,2009-02,1.6
IT,2009-03,1.1
IT,2009-04,1.2
IT,2009-05,0.8
IT,2009-06,0.5
IT,2009-07,-0.1
IT,2009-08,0.1
IT,2009-09,0.3
IT,2009-10,0.3
IT,2009-11,0.9
IT,2009-12,1.1
IT,2010-01,1.3
IT,2010-02,1.0
IT,2010-03,1.4
IT,2010-04,1.8
IT,2010-05,1.5
IT,2010-06,1.4
IT,2010-07,1.8
IT,2010-08,1.7
IT,2010-09,1.6
IT,2010-10,2.0
IT,2010-11,1.8
IT,2010-12,2.1
IT,2011-01,2.0
IT,2011-02,2.2
IT,2011-03,2.8
IT,2011-04,2.9
IT,2011-05,3.0
IT,2011-06,3.0
IT,2011-07,2.1
IT,2011-08,2.3
IT,2011-09,3.7
IT,2011-10,3.7
IT,2011-11,3.7
IT,2011-12,3.7
IT,2012-01,3.4
IT,2012-02,3.5
IT,2012-03,3.8
IT,2012-04,3.7
IT,2012-05,3.6
IT,2012-06,3.7
IT,2012-07,3.6
IT,2012-08,3.4
IT,2012-09,3.4
IT,2012-10,2.8
IT,2012-11,2.6
IT,2012-12,2.6
IT,2013-01,2.4
IT,2013-02,2.0
IT,2013-03,1.8
IT,2013-04,1.2
IT,2013-05,1.2
IT,2013-06,1.2
IT,2013-07,1.2
IT,2013-08,1.1
IT,2013-09,0.9
IT,2013-10,0.7
IT,2013-11,0.6
IT,2013-12,0.6
IT,2014-01,0.6
IT,2014-02,0.4
IT,2014-03,0.3
IT,2014-04,0.5
IT,2014-05,0.4
IT,2014-06,0.3
IT,2014-07,0.0
IT,2014-08,-0.1
IT,2014-09,-0.1
IT,2014-10,0.2
IT,2014-11,0.3
IT,2014-12,0.0
IT,2015-01,-0.5
IT,2015-02,0.1
IT,2015-03,0.0
IT,2015-04,-0.1
IT,2015-05,0.2
IT,2015-06,0.2
IT,2015-07,0.4
IT,2015-08,0.3
IT,2015-09,0.2
IT,2015-10,0.3
IT,2015-11,0.1
IT,2015-12,0.1
IT,2016-01,0.4
IT,2016-02,-0.2
IT,2016-03,-0.2
IT,2016-04,-0.4
IT,2016-05,-0.3
IT,2016-06,-0.2
IT,2016-07,-0.2
IT,2016-08,-0.1
IT,2016-09,0.1
IT,2016-10,-0.1
IT,2016-11,0.1
IT,2016-12,0.5
IT,2017-01,1.0
IT,2017-02,1.6
IT,2017-03,1.4
IT,2017-04,2.0
IT,2017-05,1.6
IT,2017-06,1.2
IT,2017-07,1.2
IT,2017-08,1.4
IT,2017-09,1.3
IT,2017-10,1.1
IT,2017-11,1.1
IT,2017-12,1.0
IT,2018-01,1.2
IT,2018-02,0.5
IT,2018-03,0.9
IT,2018-04,0.6
IT,2018-05,1.0
IT,2018-06,1.4
IT,2018-07,1.9
IT,2018-08,1.6
IT,2018-09,1.5
IT,2018-10,1.7
IT,2018-11,1.6
IT,2018-12,1.2
IT,2019-01,0.9
IT,2019-02,1.1
IT,2019-03,1.1
IT,2019-04,1.1
IT,2019-05,0.9
IT,2019-06,0.8
IT,2019-07,0.3
IT,2019-08,0.5
IT,2019-09,0.2
IT,2019-10,0.2
IT,2019-11,0.2
IT,2019-12,0.5
IT,2020-01,0.4
IT,2020-02,0.2
IT,2020-03,0.1
IT,2020-04,0.1
IT,2020-05,-0.3
IT,2020-06,-0.4
IT,2020-07,0.8
IT,2020-08,-0.5
IT,2020-09,-1.0
IT,2020-10,-0.6
IT,2020-11,-0.3
IT,2020-12,-0.3
IT,2021-01,0.7
IT,2021-02,1.0
IT,2021-03,0.6
IT,2021-04,1.0
IT,2021-05,1.2
IT,2021-06,1.3
IT,2021-07,1.0
IT,2021-08,2.5
IT,2021-09,2.9
IT,2021-10,3.2
IT,2021-11,3.9
IT,2021-12,4.2
IT,2022-01,5.1
IT,2022-02,6.2
IT,2022-03,6.8
IT,2022-04,6.3
IT,2022-05,7.3
IT,2022-06,8.5
IT,2022-07,8.4
IT,2022-08,9.1
IT,2022-09,9.4
IT,2022-10,12.6
IT,2022-11,12.6
IT,2022-12,12.3
IT,2023-01,10.7
IT,2023-02,9.8
IT,2023-03,8.1
IT,2023-04,8.6
IT,2023-05,8.0
IT,2023-06,6.7
IT,2023-07,6.3
IT,2023-08,5.5
IT,2023-09,5.6
IT,2023-10,1.8
IT,2023-11,0.6
IT,2023-12,0.5
IT,2024-01,0.9
IT,2024-02,0.8
IT,2024-03,1.2
IT,2024-04,0.9
IT,2024-05,0.8
IT,2024-06,0.9
IT,2024-07,1.6
IT,2024-08,1.2
IT,2024-09,0.7
IT,2024-10,1.0
IT,2024-11,1.5
IT,2024-12,1.4
IT,2025-01,1.7
IT,2025-02,1.7
IT,2025-03,2.1
IT,2025-04,2.0
IT,2025-05,1.7
IT,2025-06,1.8
IT,2025-07,1.7
IT,2025-08,1.6
IT,2025-09,1.8
IT,2025-10,1.3
IT,2025-11,1.1
IT,2025-12,1.2
LT,1997-01,15.4
LT,1997-02,13.4
LT,1997-03,10.7
LT,1997-04,9.4
LT,1997-05,9.7
LT,1997-06,8.9
LT,1997-07,10.1
LT,1997-08,10.3
LT,1997-09,9.5
LT,1997-10,9.4
LT,1997-11,9.2
LT,1997-12,8.5
LT,1998-01,6.5
LT,1998-02,6.3
LT,1998-03,6.7
LT,1998-04,6.9
LT,1998-05,6.9
LT,1998-06,6.0
LT,1998-07,5.2
LT,1998-08,4.5
LT,1998-09,4.3
LT,1998-10,4.7
LT,1998-11,3.5
LT,1998-12,3.1
LT,1999-01,3.1
LT,1999-02,2.8
LT,1999-03,2.2
LT,1999-04,1.8
LT,1999-05,1.1
LT,1999-06,1.8
LT,1999-07,0.8
LT,1999-08,1.0
LT,1999-09,1.9
LT,1999-10,0.3
LT,1999-11,0.2
LT,1999-12,0.4
LT,2000-01,0.9
LT,2000-02,0.9
LT,2000-03,1.0
LT,2000-04,0.9
LT,2000-05,0.5
LT,2000-06,1.3
LT,2000-07,1.4
LT,2000-08,1.0
LT,2000-09,0.5
LT,2000-10,1.3
LT,2000-11,1.7
LT,2000-12,1.7
LT,2001-01,-0.1
LT,2001-02,0.0
LT,2001-03,0.8
LT,2001-04,1.0
LT,2001-05,2.0
LT,2001-06,2.0
LT,2001-07,1.5
LT,2001-08,2.7
LT,2001-09,2.3
LT,2001-10,2.4
LT,2001-11,2.0
LT,2001-12,2.0
LT,2002-01,3.2
LT,2002-02,2.8
LT,2002-03,1.7
LT,2002-04,1.4
LT,2002-05,0.5
LT,2002-06,-0.4
LT,2002-07,0.1
LT,2002-08,-1.0
LT,2002-09,-1.4
LT,2002-10,-1.0
LT,2002-11,-0.9
LT,2002-12,-0.9
LT,2003-01,-1.8
LT,2003-02,-1.9
LT,2003-03,-1.1
LT,2003-04,-0.9
LT,2003-05,-0.7
LT,2003-06,-0.3
LT,2003-07,-0.8
LT,2003-08,-1.0
LT,2003-09,-0.8
LT,2003-10,-1.3
LT,2003-11,-1.0
LT,2003-12,-1.3
LT,2004-01,-1.2
LT,2004-02,-1.2
LT,2004-03,-0.9
LT,2004-04,-0.6
LT,2004-05,1.0
LT,2004-06,1.0
LT,2004-07,1.8
LT,2004-08,2.2
LT,2004-09,3.1
LT,2004-10,3.1
LT,2004-11,2.9
LT,2004-12,2.8
LT,2005-01,2.8
LT,2005-02,3.2
LT,2005-03,3.3
LT,2005-04,3.2
LT,2005-05,1.9
LT,2005-06,2.0
LT,2005-07,1.9
LT,2005-08,2.3
LT,2005-09,2.5
LT,2005-10,3.1
LT,2005-11,2.9
LT,2005-12,3.0
LT,2006-01,3.5
LT,2006-02,3.4
LT,2006-03,3.0
LT,2006-04,3.4
LT,2006-05,3.6
LT,2006-06,3.7
LT,2006-07,4.4
LT,2006-08,4.2
LT,2006-09,3.3
LT,2006-10,3.6
LT,2006-11,4.4
LT,2006-12,4.6
LT,2007-01,4.0
LT,2007-02,4.4
LT,2007-03,4.7
LT,2007-04,4.9
LT,2007-05,5.0
LT,2007-06,5.0
LT,2007-07,5.1
LT,2007-08,5.5
LT,2007-09,7.1
LT,2007-10,7.6
LT,2007-11,7.9
LT,2007-12,8.2
LT,2008-01,10.0
LT,2008-02,10.9
LT,2008-03,11.4
LT,2008-04,11.9
LT,2008-05,12.3
LT,2008-06,12.7
LT,2008-07,12.4
LT,2008-08,12.2
LT,2008-09,11.3
LT,2008-10,10.7
LT,2008-11,9.2
LT,2008-12,8.5
LT,2009-01,9.5
LT,2009-02,8.5
LT,2009-03,7.4
LT,2009-04,5.9
LT,2009-05,4.9
LT,2009-06,3.9
LT,2009-07,2.6
LT,2009-08,2.2
LT,2009-09,2.3
LT,2009-10,1.0
LT,2009-11,1.3
LT,2009-12,1.2
LT,2010-01,-0.3
LT,2010-02,-0.6
LT,2010-03,-0.4
LT,2010-04,0.2
LT,2010-05,0.5
LT,2010-06,0.9
LT,2010-07,1.8
LT,2010-08,1.8
LT,2010-09,1.8
LT,2010-10,2.6
LT,2010-11,2.5
LT,2010-12,3.6
LT,2011-01,2.8
LT,2011-02,3.0
LT,2011-03,3.7
LT,2011-04,4.4
LT,2011-05,5.0
LT,2011-06,4.8
LT,2011-07,4.6
LT,2011-08,4.4
LT,2011-09,4.7
LT,2011-10,4.2
LT,2011-11,4.4
LT,2011-12,3.5
LT,2012-01,3.4
LT,2012-02,3.7
LT,2012-03,3.7
LT,2012-04,3.3
LT,2012-05,2.6
LT,2012-06,2.6
LT,2012-07,2.9
LT,2012-08,3.4
LT,2012-09,3.3
LT,2012-10,3.2
LT,2012-11,2.8
LT,2012-12,2.9
LT,2013-01,2.7
LT,2013-02,2.3
LT,2013-03,1.6
LT,2013-04,1.4
LT,2013-05,1.5
LT,2013-06,1.3
LT,2013-07,0.6
LT,2013-08,0.5
LT,2013-09,0.5
LT,2013-10,0.5
LT,2013-11,0.6
LT,2013-12,0.5
LT,2014-01,0.2
LT,2014-02,0.3
LT,2014-03,0.4
LT,2014-04,0.3
LT,2014-05,0.1
LT,2014-06,0.3
LT,2014-07,0.5
LT,2014-08,0.3
LT,2014-09,0.0
LT,2014-10,0.3
LT,2014-11,0.4
LT,2014-12,-0.1
LT,2015-01,-1.4
LT,2015-02,-1.5
LT,2015-03,-1.1
LT,2015-04,-0.6
LT,2015-05,0.0
LT,2015-06,-0.2
LT,2015-07,-0.2
LT,2015-08,-1.0
LT,2015-09,-0.8
LT,2015-10,-0.4
LT,2015-11,-0.5
LT,2015-12,-0.2
LT,2016-01,0.7
LT,2016-02,0.5
LT,2016-03,0.8
LT,2016-04,0.8
LT,2016-05,0.2
LT,2016-06,0.4
LT,2016-07,0.0
LT,2016-08,0.5
LT,2016-09,0.6
LT,2016-10,0.7
LT,2016-11,1.1
LT,2016-12,2.0
LT,2017-01,2.5
LT,2017-02,3.2
LT,2017-03,3.2
LT,2017-04,3.5
LT,2017-05,3.2
LT,2017-06,3.5
LT,2017-07,4.1
LT,2017-08,4.6
LT,2017-09,4.6
LT,2017-10,4.2
LT,2017-11,4.2
LT,2017-12,3.8
LT,2018-01,3.6
LT,2018-02,3.2
LT,2018-03,2.5
LT,2018-04,2.2
LT,2018-05,2.9
LT,2018-06,2.6
LT,2018-07,2.3
LT,2018-08,1.8
LT,2018-09,2.4
LT,2018-10,2.8
LT,2018-11,2.4
LT,2018-12,1.8
LT,2019-01,1.6
LT,2019-02,2.0
LT,2019-03,2.6
LT,2019-04,2.7
LT,2019-05,2.5
LT,2019-06,2.4
LT,2019-07,2.5
LT,2019-08,2.5
LT,2019-09,2.0
LT,2019-10,1.5
LT,2019-11,1.7
LT,2019-12,2.7
LT,2020-01,3.0
LT,2020-02,2.8
LT,2020-03,1.7
LT,2020-04,0.9
LT,2020-05,0.2
LT,2020-06,0.9
LT,2020-07,0.9
LT,2020-08,1.2
LT,2020-09,0.6
LT,2020-10,0.5
LT,2020-11,0.4
LT,2020-12,-0.1
LT,2021-01,0.2
LT,2021-02,0.4
LT,2021-03,1.6
LT,2021-04,2.4
LT,2021-05,3.5
LT,2021-06,3.5
LT,2021-07,4.3
LT,2021-08,5.0
LT,2021-09,6.4
LT,2021-10,8.2
LT,2021-11,9.3
LT,2021-12,10.7
LT,2022-01,12.3
LT,2022-02,14.0
LT,2022-03,15.6
LT,2022-04,16.6
LT,2022-05,18.5
LT,2022-06,20.5
LT,2022-07,20.9
LT,2022-08,21.1
LT,2022-09,22.5
LT,2022-10,22.1
LT,2022-11,21.4
LT,2022-12,20.0
LT,2023-01,18.5
LT,2023-02,17.2
LT,2023-03,15.2
LT,2023-04,13.3
LT,2023-05,10.7
LT,2023-06,8.2
LT,2023-07,7.2
LT,2023-08,6.4
LT,2023-09,4.1
LT,2023-10,3.1
LT,2023-11,2.3
LT,2023-12,1.6
LT,2024-01,1.1
LT,2024-02,1.1
LT,2024-03,0.4
LT,2024-04,0.4
LT,2024-05,0.9
LT,2024-06,1.0
LT,2024-07,1.1
LT,2024-08,0.8
LT,2024-09,0.4
LT,2024-10,0.1
LT,2024-11,1.1
LT,2024-12,1.9
LT,2025-01,3.4
LT,2025-02,3.2
LT,2025-03,3.7
LT,2025-04,3.6
LT,2025-05,3.0
LT,2025-06,3.2
LT,2025-07,3.4
LT,2025-08,3.6
LT,2025-09,3.7
LT,2025-10,3.7
LT,2025-11,3.6
LT,2025-12,3.2
LU,1997-01,1.3
LU,1997-02,1.5
LU,1997-03,1.3
LU,1997-04,1.1
LU,1997-05,1.1
LU,1997-06,1.2
LU,1997-07,1.3
LU,1997-08,1.4
LU,1997-09,1.7
LU,1997-10,1.7
LU,1997-11,1.5
LU,1997-12,1.5
LU,1998-01,1.5
LU,1998-02,1.1
LU,1998-03,1.3
LU,1998-04,1.1
LU,1998-05,1.3
LU,1998-06,1.2
LU,1998-07,1.2
LU,1998-08,1.0
LU,1998-09,0.7
LU,1998-10,0.5
LU,1998-11,0.5
LU,1998-12,0.4
LU,1999-01,-1.4
LU,1999-02,0.6
LU,1999-03,0.6
LU,1999-04,1.3
LU,1999-05,1.3
LU,1999-06,1.2
LU,1999-07,-0.3
LU,1999-08,1.4
LU,1999-09,1.6
LU,1999-10,1.9
LU,1999-11,1.8
LU,1999-12,2.3
LU,2000-01,3.5
LU,2000-02,2.6
LU,2000-03,3.0
LU,2000-04,3.2
LU,2000-05,2.9
LU,2000-06,4.4
LU,2000-07,4.7
LU,2000-08,3.7
LU,2000-09,4.2
LU,2000-10,4.3
LU,2000-11,4.5
LU,2000-12,4.3
LU,2001-01,2.9
LU,2001-02,3.0
LU,2001-03,3.0
LU,2001-04,2.7
LU,2001-05,3.8
LU,2001-06,2.7
LU,2001-07,2.4
LU,2001-08,2.5
LU,2001-09,1.9
LU,2001-10,1.6
LU,2001-11,1.4
LU,2001-12,0.9
LU,2002-01,2.2
LU,2002-02,2.2
LU,2002-03,1.7
LU,2002-04,1.9
LU,2002-05,1.3
LU,2002-06,1.2
LU,2002-07,1.9
LU,2002-08,2.0
LU,2002-09,2.2
LU,2002-10,2.5
LU,2002-11,2.6
LU,2002-12,2.8
LU,2003-01,3.2
LU,2003-02,3.2
LU,2003-03,3.7
LU,2003-04,2.9
LU,2003-05,2.3
LU,2003-06,2.0
LU,2003-07,1.9
LU,2003-08,2.3
LU,2003-09,2.6
LU,2003-10,1.7
LU,2003-11,2.0
LU,2003-12,2.4
LU,2004-01,2.3
LU,2004-02,2.5
LU,2004-03,2.0
LU,2004-04,2.7
LU,2004-05,3.5
LU,2004-06,3.9
LU,2004-07,3.8
LU,2004-08,3.6
LU,2004-09,3.1
LU,2004-10,4.1
LU,2004-11,4.0
LU,2004-12,3.5
LU,2005-01,2.8
LU,2005-02,3.3
LU,2005-03,3.5
LU,2005-04,3.8
LU,2005-05,3.7
LU,2005-06,3.2
LU,2005-07,4.0
LU,2005-08,4.3
LU,2005-09,4.7
LU,2005-10,5.0
LU,2005-11,3.6
LU,2005-12,3.5
LU,2006-01,4.1
LU,2006-02,3.8
LU,2006-03,3.8
LU,2006-04,3.4
LU,2006-05,3.6
LU,2006-06,3.9
LU,2006-07,3.4
LU,2006-08,3.1
LU,2006-09,2.0
LU,2006-10,0.6
LU,2006-11,1.8
LU,2006-12,2.2
LU,2007-01,2.3
LU,2007-02,1.8
LU,2007-03,2.4
LU,2007-04,2.5
LU,2007-05,2.3
LU,2007-06,2.3
LU,2007-07,2.1
LU,2007-08,1.9
LU,2007-09,2.5
LU,2007-10,3.6
LU,2007-11,4.0
LU,2007-12,4.3
LU,2008-01,4.2
LU,2008-02,4.2
LU,2008-03,4.4
LU,2008-04,4.3
LU,2008-05,4.8
LU,2008-06,5.3
LU,2008-07,5.8
LU,2008-08,4.8
LU,2008-09,4.8
LU,2008-10,3.9
LU,2008-11,2.0
LU,2008-12,0.7
LU,2009-01,0.0
LU,2009-02,0.8
LU,2009-03,-0.3
LU,2009-04,-0.3
LU,2009-05,-0.9
LU,2009-06,-1.0
LU,2009-07,-1.5
LU,2009-08,-0.2
LU,2009-09,-0.4
LU,2009-10,-0.2
LU,2009-11,1.7
LU,2009-12,2.5
LU,2010-01,3.0
LU,2010-02,2.3
LU,2010-03,3.2
LU,2010-04,3.1
LU,2010-05,3.1
LU,2010-06,2.3
LU,2010-07,2.9
LU,2010-08,2.5
LU,2010-09,2.7
LU,2010-10,2.9
LU,2010-11,2.5
LU,2010-12,3.1
LU,2011-01,3.4
LU,2011-02,3.9
LU,2011-03,4.0
LU,2011-04,4.0
LU,2011-05,3.8
LU,2011-06,3.8
LU,2011-07,3.2
LU,2011-08,3.7
LU,2011-09,3.8
LU,2011-10,3.8
LU,2011-11,4.0
LU,2011-12,3.4
LU,2012-01,3.2
LU,2012-02,3.3
LU,2012-03,2.9
LU,2012-04,3.0
LU,2012-05,2.7
LU,2012-06,2.6
LU,2012-07,2.7
LU,2012-08,2.8
LU,2012-09,3.2
LU,2012-10,3.2
LU,2012-11,2.7
LU,2012-12,2.5
LU,2013-01,2.1
LU,2013-02,2.4
LU,2013-03,2.0
LU,2013-04,1.7
LU,2013-05,1.4
LU,2013-06,2.0
LU,2013-07,1.8
LU,2013-08,1.7
LU,2013-09,1.6
LU,2013-10,1.0
LU,2013-11,1.1
LU,2013-12,1.5
LU,2014-01,1.5
LU,2014-02,0.8
LU,2014-03,0.8
LU,2014-04,0.9
LU,2014-05,1.4
LU,2014-06,1.2
LU,2014-07,1.2
LU,2014-08,0.7
LU,2014-09,0.3
LU,2014-10,0.4
LU,2014-11,0.2
LU,2014-12,-0.9
LU,2015-01,-1.2
LU,2015-02,-0.3
LU,2015-03,0.1
LU,2015-04,0.0
LU,2015-05,0.4
LU,2015-06,0.5
LU,2015-07,0.2
LU,2015-08,0.1
LU,2015-09,-0.2
LU,2015-10,-0.1
LU,2015-11,0.4
LU,2015-12,0.9
LU,2016-01,0.5
LU,2016-02,-0.3
LU,2016-03,-0.6
LU,2016-04,-0.6
LU,2016-05,-0.6
LU,2016-06,-0.4
LU,2016-07,-0.4
LU,2016-08,-0.2
LU,2016-09,0.3
LU,2016-10,0.7
LU,2016-11,0.6
LU,2016-12,1.6
LU,2017-01,2.5
LU,2017-02,2.7
LU,2017-03,2.5
LU,2017-04,2.6
LU,2017-05,1.9
LU,2017-06,1.5
LU,2017-07,1.8
LU,2017-08,2.3
LU,2017-09,2.0
LU,2017-10,2.0
LU,2017-11,2.0
LU,2017-12,1.6
LU,2018-01,1.3
LU,2018-02,1.1
LU,2018-03,1.1
LU,2018-04,1.3
LU,2018-05,2.1
LU,2018-06,2.4
LU,2018-07,2.5
LU,2018-08,2.4
LU,2018-09,2.7
LU,2018-10,2.8
LU,2018-11,2.6
LU,2018-12,1.9
LU,2019-01,1.6
LU,2019-02,2.1
LU,2019-03,2.4
LU,2019-04,2.2
LU,2019-05,2.2
LU,2019-06,1.5
LU,2019-07,1.6
LU,2019-08,1.4
LU,2019-09,1.1
LU,2019-10,0.8
LU,2019-11,1.0
LU,2019-12,1.8
LU,2020-01,2.5
LU,2020-02,1.8
LU,2020-03,0.3
LU,2020-04,-0.8
LU,2020-05,-1.6
LU,2020-06,-0.4
LU,2020-07,0.1
LU,2020-08,-0.2
LU,2020-09,-0.3
LU,2020-10,-0.4
LU,2020-11,-0.7
LU,2020-12,-0.3
LU,2021-01,1.1
LU,2021-02,-0.5
LU,2021-03,2.5
LU,2021-04,3.3
LU,2021-05,4.0
LU,2021-06,3.4
LU,2021-07,3.3
LU,2021-08,3.5
LU,2021-09,4.0
LU,2021-10,5.3
LU,2021-11,6.3
LU,2021-12,5.4
LU,2022-01,4.6
LU,2022-02,7.8
LU,2022-03,7.9
LU,2022-04,9.0
LU,2022-05,9.1
LU,2022-06,10.3
LU,2022-07,9.3
LU,2022-08,8.6
LU,2022-09,8.8
LU,2022-10,8.8
LU,2022-11,7.3
LU,2022-12,6.2
LU,2023-01,5.8
LU,2023-02,4.8
LU,2023-03,2.9
LU,2023-04,2.7
LU,2023-05,2.0
LU,2023-06,1.0
LU,2023-07,2.0
LU,2023-08,3.5
LU,2023-09,3.4
LU,2023-10,2.1
LU,2023-11,2.1
LU,2023-12,3.2
LU,2024-01,3.0
LU,2024-02,3.2
LU,2024-03,3.2
LU,2024-04,3.0
LU,2024-05,3.2
LU,2024-06,2.8
LU,2024-07,2.7
LU,2024-08,1.7
LU,2024-09,0.8
LU,2024-10,0.9
LU,2024-11,1.1
LU,2024-12,1.6
LU,2025-01,2.4
LU,2025-02,1.9
LU,2025-03,1.5
LU,2025-04,1.7
LU,2025-05,2.1
LU,2025-06,2.4
LU,2025-07,2.6
LU,2025-08,2.8
LU,2025-09,3.1
LU,2025-10,3.0
LU,2025-11,3.6
LU,2025-12,3.3
LV,1997-01,11.2
LV,1997-02,9.8
LV,1997-03,8.5
LV,1997-04,8.6
LV,1997-05,8.9
LV,1997-06,7.5
LV,1997-07,6.9
LV,1997-08,8.0
LV,1997-09,7.5
LV,1997-10,7.1
LV,1997-11,6.9
LV,1997-12,6.4
LV,1998-01,5.7
LV,1998-02,5.4
LV,1998-03,5.3
LV,1998-04,5.3
LV,1998-05,4.7
LV,1998-06,5.1
LV,1998-07,4.5
LV,1998-08,3.7
LV,1998-09,3.6
LV,1998-10,2.9
LV,1998-11,2.7
LV,1998-12,2.7
LV,1999-01,2.3
LV,1999-02,2.3
LV,1999-03,2.0
LV,1999-04,1.2
LV,1999-05,1.7
LV,1999-06,1.7
LV,1999-07,1.6
LV,1999-08,1.8
LV,1999-09,2.1
LV,1999-10,2.6
LV,1999-11,3.0
LV,1999-12,3.0
LV,2000-01,3.1
LV,2000-02,3.4
LV,2000-03,3.2
LV,2000-04,3.7
LV,2000-05,3.0
LV,2000-06,2.4
LV,2000-07,2.8
LV,2000-08,2.5
LV,2000-09,2.2
LV,2000-10,2.0
LV,2000-11,1.6
LV,2000-12,1.7
LV,2001-01,1.3
LV,2001-02,0.7
LV,2001-03,1.4
LV,2001-04,1.4
LV,2001-05,2.7
LV,2001-06,3.2
LV,2001-07,3.2
LV,2001-08,3.1
LV,2001-09,3.7
LV,2001-10,3.3
LV,2001-11,3.1
LV,2001-12,3.2
LV,2002-01,3.5
LV,2002-02,3.3
LV,2002-03,3.2
LV,2002-04,2.9
LV,2002-05,2.1
LV,2002-06,1.0
LV,2002-07,1.0
LV,2002-08,0.9
LV,2002-09,1.1
LV,2002-10,1.7
LV,2002-11,1.6
LV,2002-12,1.5
LV,2003-01,1.5
LV,2003-02,2.1
LV,2003-03,2.2
LV,2003-04,2.5
LV,2003-05,2.5
LV,2003-06,3.7
LV,2003-07,3.8
LV,2003-08,3.4
LV,2003-09,3.1
LV,2003-10,3.3
LV,2003-11,3.6
LV,2003-12,3.6
LV,2004-01,3.9
LV,2004-02,4.3
LV,2004-03,4.8
LV,2004-04,5.1
LV,2004-05,6.2
LV,2004-06,6.1
LV,2004-07,6.6
LV,2004-08,7.7
LV,2004-09,7.7
LV,2004-10,7.2
LV,2004-11,7.2
LV,2004-12,7.3
LV,2005-01,6.7
LV,2005-02,7.0
LV,2005-03,6.5
LV,2005-04,7.1
LV,2005-05,6.5
LV,2005-06,6.5
LV,2005-07,6.3
LV,2005-08,6.3
LV,2005-09,7.4
LV,2005-10,7.7
LV,2005-11,7.5
LV,2005-12,7.1
LV,2006-01,7.5
LV,2006-02,7.0
LV,2006-03,6.6
LV,2006-04,6.1
LV,2006-05,7.1
LV,2006-06,6.3
LV,2006-07,7.0
LV,2006-08,6.8
LV,2006-09,5.9
LV,2006-10,5.6
LV,2006-11,6.3
LV,2006-12,6.7
LV,2007-01,7.1
LV,2007-02,7.2
LV,2007-03,8.5
LV,2007-04,8.8
LV,2007-05,7.8
LV,2007-06,8.9
LV,2007-07,9.5
LV,2007-08,10.2
LV,2007-09,11.5
LV,2007-10,13.2
LV,2007-11,13.7
LV,2007-12,14.0
LV,2008-01,15.6
LV,2008-02,16.5
LV,2008-03,16.6
LV,2008-04,17.4
LV,2008-05,17.7
LV,2008-06,17.5
LV,2008-07,16.5
LV,2008-08,15.6
LV,2008-09,14.7
LV,2008-10,13.7
LV,2008-11,11.6
LV,2008-12,10.4
LV,2009-01,9.7
LV,2009-02,9.4
LV,2009-03,7.9
LV,2009-04,5.9
LV,2009-05,4.4
LV,2009-06,3.1
LV,2009-07,2.1
LV,2009-08,1.5
LV,2009-09,0.1
LV,2009-10,-1.2
LV,2009-11,-1.4
LV,2009-12,-1.4
LV,2010-01,-3.3
LV,2010-02,-4.3
LV,2010-03,-4.0
LV,2010-04,-2.8
LV,2010-05,-2.4
LV,2010-06,-1.6
LV,2010-07,-0.7
LV,2010-08,-0.4
LV,2010-09,0.3
LV,2010-10,0.9
LV,2010-11,1.7
LV,2010-12,2.4
LV,2011-01,3.5
LV,2011-02,3.8
LV,2011-03,4.1
LV,2011-04,4.3
LV,2011-05,4.8
LV,2011-06,4.7
LV,2011-07,4.2
LV,2011-08,4.6
LV,2011-09,4.5
LV,2011-10,4.3
LV,2011-11,4.0
LV,2011-12,3.9
LV,2012-01,3.4
LV,2012-02,3.3
LV,2012-03,3.2
LV,2012-04,2.8
LV,2012-05,2.3
LV,2012-06,2.1
LV,2012-07,1.9
LV,2012-08,1.9
LV,2012-09,1.9
LV,2012-10,1.6
LV,2012-11,1.5
LV,2012-12,1.6
LV,2013-01,0.6
LV,2013-02,0.3
LV,2013-03,0.3
LV,2013-04,-0.4
LV,2013-05,-0.2
LV,2013-06,0.2
LV,2013-07,0.5
LV,2013-08,-0.1
LV,2013-09,-0.4
LV,2013-10,0.0
LV,2013-11,-0.3
LV,2013-12,-0.4
LV,2014-01,0.5
LV,2014-02,0.5
LV,2014-03,0.3
LV,2014-04,0.8
LV,2014-05,0.8
LV,2014-06,0.8
LV,2014-07,0.6
LV,2014-08,0.8
LV,2014-09,1.2
LV,2014-10,0.7
LV,2014-11,0.9
LV,2014-12,0.3
LV,2015-01,-0.3
LV,2015-02,0.0
LV,2015-03,0.5
LV,2015-04,0.6
LV,2015-05,1.2
LV,2015-06,0.7
LV,2015-07,-0.2
LV,2015-08,0.2
LV,2015-09,-0.4
LV,2015-10,-0.1
LV,2015-11,0.0
LV,2015-12,0.4
LV,2016-01,-0.3
LV,2016-02,-0.6
LV,2016-03,-0.6
LV,2016-04,-0.7
LV,2016-05,-0.8
LV,2016-06,-0.6
LV,2016-07,0.1
LV,2016-08,-0.1
LV,2016-09,0.5
LV,2016-10,1.1
LV,2016-11,1.2
LV,2016-12,2.1
LV,2017-01,2.9
LV,2017-02,3.2
LV,2017-03,3.3
LV,2017-04,3.3
LV,2017-05,2.7
LV,2017-06,3.1
LV,2017-07,2.6
LV,2017-08,3.2
LV,2017-09,3.0
LV,2017-10,2.7
LV,2017-11,2.7
LV,2017-12,2.2
LV,2018-01,2.0
LV,2018-02,1.8
LV,2018-03,2.3
LV,2018-04,2.1
LV,2018-05,2.4
LV,2018-06,2.7
LV,2018-07,2.7
LV,2018-08,2.8
LV,2018-09,3.3
LV,2018-10,3.2
LV,2018-11,2.9
LV,2018-12,2.5
LV,2019-01,2.9
LV,2019-02,2.8
LV,2019-03,2.7
LV,2019-04,3.3
LV,2019-05,3.5
LV,2019-06,3.1
LV,2019-07,3.0
LV,2019-08,3.1
LV,2019-09,2.3
LV,2019-10,2.2
LV,2019-11,2.0
LV,2019-12,2.1
LV,2020-01,2.2
LV,2020-02,2.3
LV,2020-03,1.4
LV,2020-04,-0.1
LV,2020-05,-0.9
LV,2020-06,-1.1
LV,2020-07,0.1
LV,2020-08,-0.5
LV,2020-09,-0.4
LV,2020-10,-0.7
LV,2020-11,-0.7
LV,2020-12,-0.5
LV,2021-01,-0.5
LV,2021-02,-0.2
LV,2021-03,0.3
LV,2021-04,1.7
LV,2021-05,2.6
LV,2021-06,2.7
LV,2021-07,2.8
LV,2021-08,3.6
LV,2021-09,4.7
LV,2021-10,6.0
LV,2021-11,7.4
LV,2021-12,7.9
LV,2022-01,7.5
LV,2022-02,8.8
LV,2022-03,11.5
LV,2022-04,13.1
LV,2022-05,16.8
LV,2022-06,19.2
LV,2022-07,21.3
LV,2022-08,21.4
LV,2022-09,22.0
LV,2022-10,21.7
LV,2022-11,21.7
LV,2022-12,20.7
LV,2023-01,21.4
LV,2023-02,20.1
LV,2023-03,17.2
LV,2023-04,15.0
LV,2023-05,12.3
LV,2023-06,8.1
LV,2023-07,6.6
LV,2023-08,5.6
LV,2023-09,3.6
LV,2023-10,2.3
LV,2023-11,1.1
LV,2023-12,0.9
LV,2024-01,1.1
LV,2024-02,0.6
LV,2024-03,1.0
LV,2024-04,1.1
LV,2024-05,0.0
LV,2024-06,1.5
LV,2024-07,0.8
LV,2024-08,0.9
LV,2024-09,1.6
LV,2024-10,2.1
LV,2024-11,2.3
LV,2024-12,3.4
LV,2025-01,3.1
LV,2025-02,3.7
LV,2025-03,3.5
LV,2025-04,4.0
LV,2025-05,3.7
LV,2025-06,3.9
LV,2025-07,3.9
LV,2025-08,4.2
LV,2025-09,4.2
LV,2025-10,4.3
LV,2025-11,3.8
LV,2025-12,3.4
MT,1997-01,4.2
MT,1997-02,4.2
MT,1997-03,4.0
MT,1997-04,3.3
MT,1997-05,3.4
MT,1997-06,3.8
MT,1997-07,4.1
MT,1997-08,3.9
MT,1997-09,3.7
MT,1997-10,3.8
MT,1997-11,4.0
MT,1997-12,4.6
MT,1998-01,4.0
MT,1998-02,3.7
MT,1998-03,3.5
MT,1998-04,4.2
MT,1998-05,4.3
MT,1998-06,3.9
MT,1998-07,3.9
MT,1998-08,3.7
MT,1998-09,3.5
MT,1998-10,3.3
MT,1998-11,3.3
MT,1998-12,2.9
MT,1999-01,2.4
MT,1999-02,2.5
MT,1999-03,2.4
MT,1999-04,1.6
MT,1999-05,1.5
MT,1999-06,1.6
MT,1999-07,1.7
MT,1999-08,1.9
MT,1999-09,1.9
MT,1999-10,2.0
MT,1999-11,3.8
MT,1999-12,4.3
MT,2000-01,3.4
MT,2000-02,3.3
MT,2000-03,3.4
MT,2000-04,3.4
MT,2000-05,3.6
MT,2000-06,3.3
MT,2000-07,3.3
MT,2000-08,3.2
MT,2000-09,3.2
MT,2000-10,3.4
MT,2000-11,1.9
MT,2000-12,1.0
MT,2001-01,1.0
MT,2001-02,1.1
MT,2001-03,1.6
MT,2001-04,2.2
MT,2001-05,2.2
MT,2001-06,2.7
MT,2001-07,3.0
MT,2001-08,3.2
MT,2001-09,3.2
MT,2001-10,2.8
MT,2001-11,3.3
MT,2001-12,3.6
MT,2002-01,4.2
MT,2002-02,3.3
MT,2002-03,3.1
MT,2002-04,2.7
MT,2002-05,2.4
MT,2002-06,2.2
MT,2002-07,2.2
MT,2002-08,2.3
MT,2002-09,2.2
MT,2002-10,2.6
MT,2002-11,2.3
MT,2002-12,2.1
MT,2003-01,0.8
MT,2003-02,2.0
MT,2003-03,2.4
MT,2003-04,2.0
MT,2003-05,1.9
MT,2003-06,2.1
MT,2003-07,1.7
MT,2003-08,1.8
MT,2003-09,1.7
MT,2003-10,2.5
MT,2003-11,1.8
MT,2003-12,2.4
MT,2004-01,2.8
MT,2004-02,2.4
MT,2004-03,2.2
MT,2004-04,3.6
MT,2004-05,3.1
MT,2004-06,3.3
MT,2004-07,3.1
MT,2004-08,2.5
MT,2004-09,3.2
MT,2004-10,2.7
MT,2004-11,2.0
MT,2004-12,1.9
MT,2005-01,1.9
MT,2005-02,2.5
MT,2005-03,2.5
MT,2005-04,1.9
MT,2005-05,2.5
MT,2005-06,2.1
MT,2005-07,1.7
MT,2005-08,2.5
MT,2005-09,2.1
MT,2005-10,2.9
MT,2005-11,4.3
MT,2005-12,3.4
MT,2006-01,2.4
MT,2006-02,2.3
MT,2006-03,2.9
MT,2006-04,3.5
MT,2006-05,3.5
MT,2006-06,3.3
MT,2006-07,3.6
MT,2006-08,3.0
MT,2006-09,3.1
MT,2006-10,1.7
MT,2006-11,0.9
MT,2006-12,0.8
MT,2007-01,1.2
MT,2007-02,0.8
MT,2007-03,0.5
MT,2007-04,-1.1
MT,2007-05,-1.0
MT,2007-06,-0.6
MT,2007-07,-0.2
MT,2007-08,0.6
MT,2007-09,0.9
MT,2007-10,1.5
MT,2007-11,2.9
MT,2007-12,3.1
MT,2008-01,3.8
MT,2008-02,3.9
MT,2008-03,4.3
MT,2008-04,4.1
MT,2008-05,4.1
MT,2008-06,4.4
MT,2008-07,5.6
MT,2008-08,5.4
MT,2008-09,4.9
MT,2008-10,5.7
MT,2008-11,4.9
MT,2008-12,5.0
MT,2009-01,3.1
MT,2009-02,3.5
MT,2009-03,3.9
MT,2009-04,3.9
MT,2009-05,3.4
MT,2009-06,2.8
MT,2009-07,0.8
MT,2009-08,1.0
MT,2009-09,0.8
MT,2009-10,-0.5
MT,2009-11,-0.1
MT,2009-12,-0.4
MT,2010-01,1.3
MT,2010-02,0.8
MT,2010-03,0.6
MT,2010-04,0.8
MT,2010-05,1.8
MT,2010-06,1.8
MT,2010-07,2.5
MT,2010-08,3.0
MT,2010-09,2.4
MT,2010-10,2.2
MT,2010-11,3.3
MT,2010-12,4.0
MT,2011-01,3.3
MT,2011-02,2.7
MT,2011-03,2.8
MT,2011-04,2.4
MT,2011-05,2.5
MT,2011-06,3.1
MT,2011-07,2.4
MT,2011-08,2.5
MT,2011-09,2.8
MT,2011-10,2.5
MT,2011-11,1.7
MT,2011-12,1.5
MT,2012-01,1.7
MT,2012-02,2.6
MT,2012-03,2.6
MT,2012-04,3.8
MT,2012-05,3.7
MT,2012-06,4.3
MT,2012-07,4.2
MT,2012-08,3.2
MT,2012-09,2.9
MT,2012-10,3.2
MT,2012-11,3.6
MT,2012-12,2.7
MT,2013-01,2.4
MT,2013-02,1.8
MT,2013-03,1.4
MT,2013-04,0.9
MT,2013-05,0.8
MT,2013-06,0.6
MT,2013-07,0.9
MT,2013-08,0.7
MT,2013-09,0.6
MT,2013-10,0.5
MT,2013-11,0.2
MT,2013-12,1.0
MT,2014-01,0.9
MT,2014-02,1.6
MT,2014-03,1.5
MT,2014-04,0.5
MT,2014-05,0.4
MT,2014-06,0.7
MT,2014-07,0.6
MT,2014-08,0.8
MT,2014-09,0.6
MT,2014-10,0.7
MT,2014-11,0.7
MT,2014-12,0.4
MT,2015-01,0.8
MT,2015-02,0.6
MT,2015-03,0.5
MT,2015-04,1.4
MT,2015-05,1.3
MT,2015-06,1.1
MT,2015-07,1.2
MT,2015-08,1.4
MT,2015-09,1.6
MT,2015-10,1.6
MT,2015-11,1.3
MT,2015-12,1.3
MT,2016-01,0.8
MT,2016-02,1.0
MT,2016-03,1.0
MT,2016-04,0.8
MT,2016-05,1.0
MT,2016-06,1.0
MT,2016-07,0.9
MT,2016-08,1.0
MT,2016-09,0.9
MT,2016-10,0.5
MT,2016-11,0.8
MT,2016-12,1.0
MT,2017-01,1.4
MT,2017-02,1.2
MT,2017-03,1.2
MT,2017-04,1.1
MT,2017-05,1.1
MT,2017-06,1.0
MT,2017-07,1.2
MT,2017-08,1.2
MT,2017-09,1.2
MT,2017-10,1.5
MT,2017-11,1.5
MT,2017-12,1.3
MT,2018-01,1.2
MT,2018-02,1.3
MT,2018-03,1.3
MT,2018-04,1.4
MT,2018-05,1.7
MT,2018-06,2.0
MT,2018-07,2.1
MT,2018-08,2.4
MT,2018-09,2.5
MT,2018-10,2.1
MT,2018-11,1.4
MT,2018-12,1.2
MT,2019-01,1.0
MT,2019-02,1.3
MT,2019-03,1.3
MT,2019-04,1.7
MT,2019-05,1.7
MT,2019-06,1.8
MT,2019-07,1.8
MT,2019-08,1.9
MT,2019-09,1.6
MT,2019-10,1.4
MT,2019-11,1.3
MT,2019-12,1.3
MT,2020-01,1.4
MT,2020-02,1.1
MT,2020-03,1.2
MT,2020-04,1.1
MT,2020-05,0.9
MT,2020-06,1.0
MT,2020-07,0.7
MT,2020-08,0.7
MT,2020-09,0.5
MT,2020-10,0.6
MT,2020-11,0.2
MT,2020-12,0.2
MT,2021-01,0.2
MT,2021-02,0.1
MT,2021-03,0.1
MT,2021-04,0.1
MT,2021-05,0.2
MT,2021-06,0.2
MT,2021-07,0.3
MT,2021-08,0.4
MT,2021-09,0.7
MT,2021-10,1.4
MT,2021-11,2.4
MT,2021-12,2.6
MT,2022-01,4.1
MT,2022-02,4.2
MT,2022-03,4.5
MT,2022-04,5.4
MT,2022-05,5.8
MT,2022-06,6.1
MT,2022-07,6.8
MT,2022-08,7.0
MT,2022-09,7.4
MT,2022-10,7.4
MT,2022-11,7.2
MT,2022-12,7.3
MT,2023-01,6.8
MT,2023-02,7.0
MT,2023-03,7.1
MT,2023-04,6.4
MT,2023-05,6.3
MT,2023-06,6.2
MT,2023-07,5.6
MT,2023-08,5.0
MT,2023-09,4.9
MT,2023-10,4.2
MT,2023-11,3.9
MT,2023-12,3.7
MT,2024-01,3.7
MT,2024-02,3.0
MT,2024-03,2.7
MT,2024-04,2.4
MT,2024-05,2.3
MT,2024-06,2.2
MT,2024-07,2.3
MT,2024-08,2.4
MT,2024-09,2.1
MT,2024-10,2.4
MT,2024-11,2.1
MT,2024-12,1.8
MT,2025-01,1.8
MT,2025-02,2.0
MT,2025-03,2.1
MT,2025-04,2.6
MT,2025-05,2.7
MT,2025-06,2.5
MT,2025-07,2.5
MT,2025-08,2.7
MT,2025-09,2.4
MT,2025-10,2.5
MT,2025-11,2.5
MT,2025-12,2.4
NL,1997-01,1.7
NL,1997-02,1.4
NL,1997-03,1.2
NL,1997-04,1.0
NL,1997-05,1.6
NL,1997-06,1.5
NL,1997-07,1.9
NL,1997-08,2.5
NL,1997-09,2.5
NL,1997-10,2.3
NL,1997-11,2.5
NL,1997-12,2.2
NL,1998-01,1.6
NL,1998-02,2.1
NL,1998-03,2.2
NL,1998-04,2.5
NL,1998-05,2.1
NL,1998-06,2.2
NL,1998-07,1.8
NL,1998-08,1.4
NL,1998-09,1.3
NL,1998-10,1.5
NL,1998-11,1.5
NL,1998-12,1.5
NL,1999-01,2.1
NL,1999-02,2.0
NL,1999-03,2.0
NL,1999-04,1.9
NL,1999-05,2.1
NL,1999-06,2.1
NL,1999-07,1.8
NL,1999-08,2.5
NL,1999-09,2.0
NL,1999-10,1.8
NL,1999-11,2.0
NL,1999-12,1.9
NL,2000-01,1.6
NL,2000-02,1.5
NL,2000-03,1.6
NL,2000-04,1.7
NL,2000-05,2.0
NL,2000-06,2.5
NL,2000-07,2.8
NL,2000-08,2.5
NL,2000-09,2.9
NL,2000-10,3.2
NL,2000-11,2.9
NL,2000-12,2.9
NL,2001-01,4.6
NL,2001-02,5.0
NL,2001-03,5.0
NL,2001-04,5.4
NL,2001-05,5.5
NL,2001-06,5.1
NL,2001-07,5.3
NL,2001-08,5.2
NL,2001-09,5.3
NL,2001-10,5.0
NL,2001-11,4.8
NL,2001-12,5.1
NL,2002-01,4.9
NL,2002-02,4.5
NL,2002-03,4.4
NL,2002-04,4.2
NL,2002-05,3.8
NL,2002-06,3.8
NL,2002-07,3.7
NL,2002-08,3.7
NL,2002-09,3.6
NL,2002-10,3.4
NL,2002-11,3.3
NL,2002-12,3.2
NL,2003-01,2.7
NL,2003-02,2.9
NL,2003-03,2.7
NL,2003-04,2.2
NL,2003-05,2.2
NL,2003-06,2.1
NL,2003-07,2.1
NL,2003-08,2.2
NL,2003-09,2.0
NL,2003-10,1.9
NL,2003-11,2.0
NL,2003-12,1.6
NL,2004-01,1.5
NL,2004-02,1.4
NL,2004-03,1.3
NL,2004-04,1.5
NL,2004-05,1.7
NL,2004-06,1.5
NL,2004-07,1.2
NL,2004-08,1.2
NL,2004-09,1.2
NL,2004-10,1.5
NL,2004-11,1.5
NL,2004-12,1.3
NL,2005-01,1.3
NL,2005-02,1.5
NL,2005-03,1.5
NL,2005-04,1.3
NL,2005-05,1.0
NL,2005-06,1.4
NL,2005-07,1.5
NL,2005-08,1.7
NL,2005-09,1.7
NL,2005-10,1.5
NL,2005-11,1.6
NL,2005-12,2.0
NL,2006-01,1.7
NL,2006-02,1.5
NL,2006-03,1.4
NL,2006-04,1.8
NL,2006-05,1.8
NL,2006-06,1.8
NL,2006-07,1.8
NL,2006-08,1.9
NL,2006-09,1.5
NL,2006-10,1.4
NL,2006-11,1.6
NL,2006-12,1.7
NL,2007-01,1.2
NL,2007-02,1.4
NL,2007-03,1.9
NL,2007-04,1.9
NL,2007-05,2.0
NL,2007-06,1.8
NL,2007-07,1.4
NL,2007-08,1.1
NL,2007-09,1.3
NL,2007-10,1.6
NL,2007-11,1.8
NL,2007-12,1.6
NL,2008-01,1.8
NL,2008-02,2.0
NL,2008-03,1.9
NL,2008-04,1.7
NL,2008-05,2.1
NL,2008-06,2.3
NL,2008-07,3.0
NL,2008-08,3.0
NL,2008-09,2.8
NL,2008-10,2.5
NL,2008-11,1.9
NL,2008-12,1.7
NL,2009-01,1.7
NL,2009-02,1.9
NL,2009-03,1.8
NL,2009-04,1.8
NL,2009-05,1.5
NL,2009-06,1.4
NL,2009-07,-0.1
NL,2009-08,-0.1
NL,2009-09,0.0
NL,2009-10,0.4
NL,2009-11,0.7
NL,2009-12,0.7
NL,2010-01,0.4
NL,2010-02,0.4
NL,2010-03,0.7
NL,2010-04,0.7
NL,2010-05,0.4
NL,2010-06,0.2
NL,2010-07,1.3
NL,2010-08,1.2
NL,2010-09,1.4
NL,2010-10,1.4
NL,2010-11,1.4
NL,2010-12,1.8
NL,2011-01,1.9
NL,2011-02,2.0
NL,2011-03,1.8
NL,2011-04,2.1
NL,2011-05,2.3
NL,2011-06,2.3
NL,2011-07,3.2
NL,2011-08,3.2
NL,2011-09,3.0
NL,2011-10,2.8
NL,2011-11,2.6
NL,2011-12,2.5
NL,2012-01,2.9
NL,2012-02,2.9
NL,2012-03,2.9
NL,2012-04,2.8
NL,2012-05,2.5
NL,2012-06,2.5
NL,2012-07,2.6
NL,2012-08,2.6
NL,2012-09,2.5
NL,2012-10,3.3
NL,2012-11,3.2
NL,2012-12,3.4
NL,2013-01,3.2
NL,2013-02,3.2
NL,2013-03,3.2
NL,2013-04,2.8
NL,2013-05,3.1
NL,2013-06,3.2
NL,2013-07,3.1
NL,2013-08,2.8
NL,2013-09,2.4
NL,2013-10,1.3
NL,2013-11,1.2
NL,2013-12,1.4
NL,2014-01,0.8
NL,2014-02,0.4
NL,2014-03,0.1
NL,2014-04,0.6
NL,2014-05,0.1
NL,2014-06,0.3
NL,2014-07,0.3
NL,2014-08,0.4
NL,2014-09,0.3
NL,2014-10,0.4
NL,2014-11,0.3
NL,2014-12,-0.1
NL,2015-01,-0.7
NL,2015-02,-0.5
NL,2015-03,-0.3
NL,2015-04,0.0
NL,2015-05,0.7
NL,2015-06,0.5
NL,2015-07,0.8
NL,2015-08,0.4
NL,2015-09,0.3
NL,2015-10,0.4
NL,2015-11,0.4
NL,2015-12,0.5
NL,2016-01,0.2
NL,2016-02,0.3
NL,2016-03,0.5
NL,2016-04,-0.2
NL,2016-05,-0.2
NL,2016-06,-0.2
NL,2016-07,-0.6
NL,2016-08,0.1
NL,2016-09,-0.1
NL,2016-10,0.3
NL,2016-11,0.4
NL,2016-12,0.7
NL,2017-01,1.6
NL,2017-02,1.7
NL,2017-03,0.6
NL,2017-04,1.4
NL,2017-05,0.7
NL,2017-06,1.0
NL,2017-07,1.5
NL,2017-08,1.5
NL,2017-09,1.4
NL,2017-10,1.3
NL,2017-11,1.5
NL,2017-12,1.2
NL,2018-01,1.5
NL,2018-02,1.3
NL,2018-03,1.0
NL,2018-04,1.0
NL,2018-05,1.9
NL,2018-06,1.7
NL,2018-07,1.9
NL,2018-08,1.9
NL,2018-09,1.6
NL,2018-10,1.9
NL,2018-11,1.8
NL,2018-12,1.8
NL,2019-01,2.0
NL,2019-02,2.6
NL,2019-03,2.9
NL,2019-04,3.0
NL,2019-05,2.3
NL,2019-06,2.7
NL,2019-07,2.6
NL,2019-08,3.1
NL,2019-09,2.7
NL,2019-10,2.8
NL,2019-11,2.6
NL,2019-12,2.8
NL,2020-01,1.7
NL,2020-02,1.3
NL,2020-03,1.1
NL,2020-04,1.0
NL,2020-05,1.1
NL,2020-06,1.7
NL,2020-07,1.6
NL,2020-08,0.3
NL,2020-09,1.0
NL,2020-10,1.2
NL,2020-11,0.7
NL,2020-12,0.9
NL,2021-01,1.6
NL,2021-02,1.9
NL,2021-03,1.9
NL,2021-04,1.7
NL,2021-05,2.0
NL,2021-06,1.7
NL,2021-07,1.4
NL,2021-08,2.7
NL,2021-09,3.0
NL,2021-10,3.7
NL,2021-11,5.9
NL,2021-12,6.4
NL,2022-01,7.6
NL,2022-02,7.3
NL,2022-03,11.7
NL,2022-04,11.2
NL,2022-05,10.2
NL,2022-06,9.9
NL,2022-07,11.6
NL,2022-08,13.7
NL,2022-09,17.1
NL,2022-10,16.8
NL,2022-11,11.3
NL,2022-12,11.0
NL,2023-01,8.4
NL,2023-02,8.9
NL,2023-03,4.5
NL,2023-04,5.8
NL,2023-05,6.8
NL,2023-06,6.4
NL,2023-07,5.3
NL,2023-08,3.4
NL,2023-09,-0.3
NL,2023-10,-1.0
NL,2023-11,1.4
NL,2023-12,1.0
NL,2024-01,3.1
NL,2024-02,2.7
NL,2024-03,3.1
NL,2024-04,2.6
NL,2024-05,2.7
NL,2024-06,3.4
NL,2024-07,3.5
NL,2024-08,3.3
NL,2024-09,3.3
NL,2024-10,3.3
NL,2024-11,3.8
NL,2024-12,3.9
NL,2025-01,3.0
NL,2025-02,3.5
NL,2025-03,3.4
NL,2025-04,4.1
NL,2025-05,2.9
NL,2025-06,2.7
NL,2025-07,2.5
NL,2025-08,2.4
NL,2025-09,3.0
NL,2025-10,3.0
NL,2025-11,2.6
NL,2025-12,2.7
PL,1997-01,17.7
PL,1997-02,17.4
PL,1997-03,16.5
PL,1997-04,15.3
PL,1997-05,14.4
PL,1997-06,15.4
PL,1997-07,15.1
PL,1997-08,15.1
PL,1997-09,13.9
PL,1997-10,13.3
PL,1997-11,13.1
PL,1997-12,13.2
PL,1998-01,13.6
PL,1998-02,14.3
PL,1998-03,14.0
PL,1998-04,13.6
PL,1998-05,13.5
PL,1998-06,12.0
PL,1998-07,11.8
PL,1998-08,11.0
PL,1998-09,10.6
PL,1998-10,9.9
PL,1998-11,9.4
PL,1998-12,8.6
PL,1999-01,6.8
PL,1999-02,5.5
PL,1999-03,6.1
PL,1999-04,6.2
PL,1999-05,6.4
PL,1999-06,6.2
PL,1999-07,6.0
PL,1999-08,7.1
PL,1999-09,7.9
PL,1999-10,8.7
PL,1999-11,9.1
PL,1999-12,9.8
PL,2000-01,10.1
PL,2000-02,10.5
PL,2000-03,10.3
PL,2000-04,9.9
PL,2000-05,9.8
PL,2000-06,10.6
PL,2000-07,11.6
PL,2000-08,10.7
PL,2000-09,10.2
PL,2000-10,9.8
PL,2000-11,9.1
PL,2000-12,8.4
PL,2001-01,7.4
PL,2001-02,6.5
PL,2001-03,6.1
PL,2001-04,6.5
PL,2001-05,7.2
PL,2001-06,6.1
PL,2001-07,5.0
PL,2001-08,4.7
PL,2001-09,4.1
PL,2001-10,3.6
PL,2001-11,3.5
PL,2001-12,3.5
PL,2002-01,3.6
PL,2002-02,3.7
PL,2002-03,3.4
PL,2002-04,3.0
PL,2002-05,1.5
PL,2002-06,1.2
PL,2002-07,1.2
PL,2002-08,1.4
PL,2002-09,1.4
PL,2002-10,1.2
PL,2002-11,1.1
PL,2002-12,0.8
PL,2003-01,0.3
PL,2003-02,0.3
PL,2003-03,0.4
PL,2003-04,0.1
PL,2003-05,0.4
PL,2003-06,0.7
PL,2003-07,0.7
PL,2003-08,0.7
PL,2003-09,0.8
PL,2003-10,1.1
PL,2003-11,1.5
PL,2003-12,1.7
PL,2004-01,1.9
PL,2004-02,1.9
PL,2004-03,1.7
PL,2004-04,2.4
PL,2004-05,3.4
PL,2004-06,4.4
PL,2004-07,4.8
PL,2004-08,4.9
PL,2004-09,4.6
PL,2004-10,4.7
PL,2004-11,4.6
PL,2004-12,4.3
PL,2005-01,3.8
PL,2005-02,3.6
PL,2005-03,3.4
PL,2005-04,3.1
PL,2005-05,2.3
PL,2005-06,1.4
PL,2005-07,1.5
PL,2005-08,1.8
PL,2005-09,1.9
PL,2005-10,1.5
PL,2005-11,1.1
PL,2005-12,0.8
PL,2006-01,0.9
PL,2006-02,0.9
PL,2006-03,1.0
PL,2006-04,1.2
PL,2006-05,1.5
PL,2006-06,1.4
PL,2006-07,1.4
PL,2006-08,1.7
PL,2006-09,1.4
PL,2006-10,1.1
PL,2006-11,1.2
PL,2006-12,1.4
PL,2007-01,1.6
PL,2007-02,2.0
PL,2007-03,2.4
PL,2007-04,2.1
PL,2007-05,2.2
PL,2007-06,2.6
PL,2007-07,2.5
PL,2007-08,2.0
PL,2007-09,2.7
PL,2007-10,3.2
PL,2007-11,3.8
PL,2007-12,4.3
PL,2008-01,4.4
PL,2008-02,4.5
PL,2008-03,4.4
PL,2008-04,4.2
PL,2008-05,4.3
PL,2008-06,4.4
PL,2008-07,4.6
PL,2008-08,4.4
PL,2008-09,4.1
PL,2008-10,3.9
PL,2008-11,3.5
PL,2008-12,3.3
PL,2009-01,3.2
PL,2009-02,3.6
PL,2009-03,4.1
PL,2009-04,4.4
PL,2009-05,4.3
PL,2009-06,4.2
PL,2009-07,4.5
PL,2009-08,4.4
PL,2009-09,4.0
PL,2009-10,3.8
PL,2009-11,3.9
PL,2009-12,3.9
PL,2010-01,4.0
PL,2010-02,3.4
PL,2010-03,2.8
PL,2010-04,2.6
PL,2010-05,2.3
PL,2010-06,2.3
PL,2010-07,2.0
PL,2010-08,1.9
PL,2010-09,2.4
PL,2010-10,2.8
PL,2010-11,2.5
PL,2010-12,2.9
PL,2011-01,3.5
PL,2011-02,3.4
PL,2011-03,4.0
PL,2011-04,4.1
PL,2011-05,4.3
PL,2011-06,3.7
PL,2011-07,3.6
PL,2011-08,4.0
PL,2011-09,3.4
PL,2011-10,3.8
PL,2011-11,4.4
PL,2011-12,4.6
PL,2012-01,4.1
PL,2012-02,4.3
PL,2012-03,4.0
PL,2012-04,4.0
PL,2012-05,3.6
PL,2012-06,4.3
PL,2012-07,4.1
PL,2012-08,3.9
PL,2012-09,3.9
PL,2012-10,3.4
PL,2012-11,2.7
PL,2012-12,2.1
PL,2013-01,1.6
PL,2013-02,1.2
PL,2013-03,1.0
PL,2013-04,0.8
PL,2013-05,0.5
PL,2013-06,0.3
PL,2013-07,0.9
PL,2013-08,0.8
PL,2013-09,0.9
PL,2013-10,0.7
PL,2013-11,0.5
PL,2013-12,0.6
PL,2014-01,0.6
PL,2014-02,0.7
PL,2014-03,0.6
PL,2014-04,0.3
PL,2014-05,0.3
PL,2014-06,0.3
PL,2014-07,-0.1
PL,2014-08,-0.1
PL,2014-09,-0.3
PL,2014-10,-0.3
PL,2014-11,-0.3
PL,2014-12,-0.7
PL,2015-01,-1.1
PL,2015-02,-1.3
PL,2015-03,-1.2
PL,2015-04,-0.8
PL,2015-05,-0.6
PL,2015-06,-0.5
PL,2015-07,-0.4
PL,2015-08,-0.4
PL,2015-09,-0.6
PL,2015-10,-0.6
PL,2015-11,-0.5
PL,2015-12,-0.4
PL,2016-01,-0.3
PL,2016-02,-0.2
PL,2016-03,-0.4
PL,2016-04,-0.5
PL,2016-05,-0.4
PL,2016-06,-0.4
PL,2016-07,-0.6
PL,2016-08,-0.5
PL,2016-09,-0.2
PL,2016-10,0.1
PL,2016-11,0.2
PL,2016-12,0.9
PL,2017-01,1.4
PL,2017-02,1.9
PL,2017-03,1.8
PL,2017-04,1.8
PL,2017-05,1.5
PL,2017-06,1.3
PL,2017-07,1.4
PL,2017-08,1.4
PL,2017-09,1.6
PL,2017-10,1.6
PL,2017-11,2.0
PL,2017-12,1.7
PL,2018-01,1.6
PL,2018-02,0.7
PL,2018-03,0.7
PL,2018-04,0.9
PL,2018-05,1.2
PL,2018-06,1.4
PL,2018-07,1.4
PL,2018-08,1.4
PL,2018-09,1.5
PL,2018-10,1.5
PL,2018-11,1.1
PL,2018-12,0.9
PL,2019-01,0.6
PL,2019-02,1.3
PL,2019-03,1.7
PL,2019-04,2.1
PL,2019-05,2.2
PL,2019-06,2.3
PL,2019-07,2.5
PL,2019-08,2.6
PL,2019-09,2.4
PL,2019-10,2.3
PL,2019-11,2.4
PL,2019-12,3.0
PL,2020-01,3.8
PL,2020-02,4.1
PL,2020-03,3.9
PL,2020-04,2.9
PL,2020-05,3.4
PL,2020-06,3.8
PL,2020-07,3.7
PL,2020-08,3.7
PL,2020-09,3.8
PL,2020-10,3.8
PL,2020-11,3.7
PL,2020-12,3.4
PL,2021-01,3.6
PL,2021-02,3.6
PL,2021-03,4.4
PL,2021-04,5.1
PL,2021-05,4.6
PL,2021-06,4.1
PL,2021-07,4.7
PL,2021-08,5.0
PL,2021-09,5.6
PL,2021-10,6.4
PL,2021-11,7.4
PL,2021-12,8.0
PL,2022-01,8.7
PL,2022-02,8.1
PL,2022-03,10.2
PL,2022-04,11.4
PL,2022-05,12.8
PL,2022-06,14.2
PL,2022-07,14.2
PL,2022-08,14.8
PL,2022-09,15.7
PL,2022-10,16.4
PL,2022-11,16.1
PL,2022-12,15.3
PL,2023-01,15.9
PL,2023-02,17.2
PL,2023-03,15.2
PL,2023-04,14.0
PL,2023-05,12.5
PL,2023-06,11.0
PL,2023-07,10.3
PL,2023-08,9.5
PL,2023-09,7.7
PL,2023-10,6.3
PL,2023-11,6.3
PL,2023-12,6.2
PL,2024-01,4.5
PL,2024-02,3.7
PL,2024-03,2.7
PL,2024-04,3.0
PL,2024-05,2.8
PL,2024-06,2.9
PL,2024-07,4.0
PL,2024-08,4.0
PL,2024-09,4.2
PL,2024-10,4.2
PL,2024-11,3.9
PL,2024-12,3.9
PL,2025-01,4.3
PL,2025-02,4.3
PL,2025-03,4.4
PL,2025-04,3.7
PL,2025-05,3.5
PL,2025-06,3.4
PL,2025-07,2.9
PL,2025-08,2.7
PL,2025-09,2.9
PL,2025-10,2.9
PL,2025-11,2.6
PL,2025-12,2.5
PT,1997-01,2.8
PT,1997-02,2.4
PT,1997-03,2.3
PT,1997-04,1.6
PT,1997-05,1.9
PT,1997-06,1.6
PT,1997-07,1.4
PT,1997-08,1.6
PT,1997-09,1.5
PT,1997-10,1.6
PT,1997-11,1.9
PT,1997-12,2.1
PT,1998-01,1.6
PT,1998-02,1.3
PT,1998-03,1.5
PT,1998-04,2.2
PT,1998-05,2.2
PT,1998-06,2.7
PT,1998-07,2.8
PT,1998-08,2.2
PT,1998-09,2.2
PT,1998-10,2.5
PT,1998-11,2.6
PT,1998-12,2.8
PT,1999-01,2.5
PT,1999-02,2.7
PT,1999-03,2.8
PT,1999-04,2.7
PT,1999-05,2.1
PT,1999-06,2.1
PT,1999-07,1.9
PT,1999-08,1.8
PT,1999-09,1.9
PT,1999-10,1.8
PT,1999-11,1.9
PT,1999-12,1.7
PT,2000-01,1.9
PT,2000-02,1.6
PT,2000-03,1.4
PT,2000-04,1.9
PT,2000-05,2.4
PT,2000-06,2.8
PT,2000-07,3.3
PT,2000-08,3.6
PT,2000-09,3.6
PT,2000-10,3.7
PT,2000-11,3.6
PT,2000-12,3.8
PT,2001-01,4.4
PT,2001-02,4.8
PT,2001-03,5.1
PT,2001-04,4.6
PT,2001-05,4.9
PT,2001-06,4.6
PT,2001-07,4.3
PT,2001-08,4.0
PT,2001-09,4.1
PT,2001-10,4.2
PT,2001-11,4.1
PT,2001-12,3.9
PT,2002-01,3.7
PT,2002-02,3.3
PT,2002-03,3.4
PT,2002-04,3.6
PT,2002-05,3.4
PT,2002-06,3.5
PT,2002-07,3.5
PT,2002-08,3.9
PT,2002-09,3.9
PT,2002-10,4.1
PT,2002-11,4.1
PT,2002-12,4.0
PT,2003-01,4.0
PT,2003-02,4.1
PT,2003-03,3.7
PT,2003-04,3.7
PT,2003-05,3.6
PT,2003-06,3.3
PT,2003-07,2.9
PT,2003-08,2.9
PT,2003-09,3.1
PT,2003-10,2.8
PT,2003-11,2.3
PT,2003-12,2.3
PT,2004-01,2.2
PT,2004-02,2.1
PT,2004-03,2.3
PT,2004-04,2.4
PT,2004-05,2.5
PT,2004-06,3.6
PT,2004-07,3.0
PT,2004-08,2.4
PT,2004-09,2.1
PT,2004-10,2.3
PT,2004-11,2.6
PT,2004-12,2.6
PT,2005-01,2.0
PT,2005-02,2.1
PT,2005-03,2.2
PT,2005-04,2.0
PT,2005-05,1.7
PT,2005-06,0.7
PT,2005-07,1.9
PT,2005-08,2.5
PT,2005-09,2.7
PT,2005-10,2.6
PT,2005-11,2.5
PT,2005-12,2.5
PT,2006-01,2.7
PT,2006-02,3.0
PT,2006-03,3.8
PT,2006-04,3.7
PT,2006-05,3.6
PT,2006-06,3.5
PT,2006-07,3.0
PT,2006-08,2.7
PT,2006-09,3.0
PT,2006-10,2.6
PT,2006-11,2.4
PT,2006-12,2.5
PT,2007-01,2.6
PT,2007-02,2.3
PT,2007-03,2.4
PT,2007-04,2.8
PT,2007-05,2.4
PT,2007-06,2.4
PT,2007-07,2.3
PT,2007-08,1.9
PT,2007-09,2.0
PT,2007-10,2.5
PT,2007-11,2.8
PT,2007-12,2.7
PT,2008-01,2.9
PT,2008-02,2.9
PT,2008-03,3.2
PT,2008-04,2.5
PT,2008-05,2.8
PT,2008-06,3.4
PT,2008-07,3.1
PT,2008-08,3.1
PT,2008-09,3.2
PT,2008-10,2.5
PT,2008-11,1.4
PT,2008-12,0.8
PT,2009-01,0.1
PT,2009-02,0.1
PT,2009-03,-0.6
PT,2009-04,-0.5
PT,2009-05,-1.3
PT,2009-06,-1.6
PT,2009-07,-1.5
PT,2009-08,-1.2
PT,2009-09,-1.8
PT,2009-10,-1.6
PT,2009-11,-0.8
PT,2009-12,-0.1
PT,2010-01,0.1
PT,2010-02,0.2
PT,2010-03,0.6
PT,2010-04,0.7
PT,2010-05,1.1
PT,2010-06,1.1
PT,2010-07,1.9
PT,2010-08,2.0
PT,2010-09,2.0
PT,2010-10,2.3
PT,2010-11,2.2
PT,2010-12,2.4
PT,2011-01,3.6
PT,2011-02,3.5
PT,2011-03,3.9
PT,2011-04,4.0
PT,2011-05,3.7
PT,2011-06,3.3
PT,2011-07,3.0
PT,2011-08,2.8
PT,2011-09,3.5
PT,2011-10,4.0
PT,2011-11,3.8
PT,2011-12,3.5
PT,2012-01,3.3
PT,2012-02,3.5
PT,2012-03,3.1
PT,2012-04,2.9
PT,2012-05,2.7
PT,2012-06,2.7
PT,2012-07,2.8
PT,2012-08,3.1
PT,2012-09,2.9
PT,2012-10,2.1
PT,2012-11,1.9
PT,2012-12,2.1
PT,2013-01,0.4
PT,2013-02,0.2
PT,2013-03,0.7
PT,2013-04,0.4
PT,2013-05,0.9
PT,2013-06,1.2
PT,2013-07,0.8
PT,2013-08,0.2
PT,2013-09,0.3
PT,2013-10,0.0
PT,2013-11,0.1
PT,2013-12,0.2
PT,2014-01,0.1
PT,2014-02,-0.1
PT,2014-03,-0.4
PT,2014-04,-0.1
PT,2014-05,-0.3
PT,2014-06,-0.2
PT,2014-07,-0.7
PT,2014-08,-0.1
PT,2014-09,0.0
PT,2014-10,0.1
PT,2014-11,0.1
PT,2014-12,-0.3
PT,2015-01,-0.4
PT,2015-02,-0.1
PT,2015-03,0.4
PT,2015-04,0.5
PT,2015-05,1.0
PT,2015-06,0.8
PT,2015-07,0.7
PT,2015-08,0.7
PT,2015-09,0.9
PT,2015-10,0.7
PT,2015-11,0.6
PT,2015-12,0.3
PT,2016-01,0.7
PT,2016-02,0.2
PT,2016-03,0.5
PT,2016-04,0.5
PT,2016-05,0.4
PT,2016-06,0.7
PT,2016-07,0.7
PT,2016-08,0.8
PT,2016-09,0.7
PT,2016-10,1.1
PT,2016-11,0.5
PT,2016-12,0.9
PT,2017-01,1.3
PT,2017-02,1.6
PT,2017-03,1.4
PT,2017-04,2.4
PT,2017-05,1.7
PT,2017-06,1.0
PT,2017-07,1.0
PT,2017-08,1.3
PT,2017-09,1.6
PT,2017-10,1.9
PT,2017-11,1.8
PT,2017-12,1.6
PT,2018-01,1.1
PT,2018-02,0.7
PT,2018-03,0.8
PT,2018-04,0.3
PT,2018-05,1.4
PT,2018-06,2.0
PT,2018-07,2.2
PT,2018-08,1.3
PT,2018-09,1.8
PT,2018-10,0.8
PT,2018-11,0.9
PT,2018-12,0.6
PT,2019-01,0.6
PT,2019-02,0.9
PT,2019-03,0.8
PT,2019-04,0.9
PT,2019-05,0.3
PT,2019-06,0.7
PT,2019-07,-0.7
PT,2019-08,-0.1
PT,2019-09,-0.3
PT,2019-10,-0.1
PT,2019-11,0.2
PT,2019-12,0.4
PT,2020-01,0.8
PT,2020-02,0.5
PT,2020-03,0.1
PT,2020-04,-0.1
PT,2020-05,-0.6
PT,2020-06,0.2
PT,2020-07,-0.1
PT,2020-08,-0.2
PT,2020-09,-0.8
PT,2020-10,-0.6
PT,2020-11,-0.4
PT,2020-12,-0.3
PT,2021-01,0.2
PT,2021-02,0.3
PT,2021-03,0.1
PT,2021-04,-0.1
PT,2021-05,0.5
PT,2021-06,-0.6
PT,2021-07,1.1
PT,2021-08,1.3
PT,2021-09,1.3
PT,2021-10,1.8
PT,2021-11,2.6
PT,2021-12,2.8
PT,2022-01,3.4
PT,2022-02,4.4
PT,2022-03,5.5
PT,2022-04,7.4
PT,2022-05,8.1
PT,2022-06,9.0
PT,2022-07,9.4
PT,2022-08,9.3
PT,2022-09,9.8
PT,2022-10,10.6
PT,2022-11,10.2
PT,2022-12,9.8
PT,2023-01,8.6
PT,2023-02,8.6
PT,2023-03,8.0
PT,2023-04,6.9
PT,2023-05,5.4
PT,2023-06,4.7
PT,2023-07,4.3
PT,2023-08,5.3
PT,2023-09,4.8
PT,2023-10,3.2
PT,2023-11,2.2
PT,2023-12,1.9
PT,2024-01,2.5
PT,2024-02,2.3
PT,2024-03,2.6
PT,2024-04,2.3
PT,2024-05,3.8
PT,2024-06,3.1
PT,2024-07,2.7
PT,2024-08,1.8
PT,2024-09,2.6
PT,2024-10,2.6
PT,2024-11,2.7
PT,2024-12,3.1
PT,2025-01,2.7
PT,2025-02,2.5
PT,2025-03,1.9
PT,2025-04,2.1
PT,2025-05,1.7
PT,2025-06,2.1
PT,2025-07,2.5
PT,2025-08,2.5
PT,2025-09,1.9
PT,2025-10,2.0
PT,2025-11,2.1
PT,2025-12,2.4
RO,1997-01,76.4
RO,1997-02,105.8
RO,1997-03,164.4
RO,1997-04,176.7
RO,1997-05,174.2
RO,1997-06,177.7
RO,1997-07,159.8
RO,1997-08,159.4
RO,1997-09,161.3
RO,1997-10,169.7
RO,1997-11,165.6
RO,1997-12,151.3
RO,1998-01,132.0
RO,1998-02,109.3
RO,1998-03,66.1
RO,1998-04,59.6
RO,1998-05,56.5
RO,1998-06,55.0
RO,1998-07,56.1
RO,1998-08,51.8
RO,1998-09,50.8
RO,1998-10,47.1
RO,1998-11,43.8
RO,1998-12,40.5
RO,1999-01,38.1
RO,1999-02,32.5
RO,1999-03,35.8
RO,1999-04,38.7
RO,1999-05,42.8
RO,1999-06,48.1
RO,1999-07,48.6
RO,1999-08,49.4
RO,1999-09,50.2
RO,1999-10,50.6
RO,1999-11,53.7
RO,1999-12,54.8
RO,2000-01,56.7
RO,2000-02,55.6
RO,2000-03,49.0
RO,2000-04,48.9
RO,2000-05,44.0
RO,2000-06,40.9
RO,2000-07,44.5
RO,2000-08,45.4
RO,2000-09,44.9
RO,2000-10,42.9
RO,2000-11,41.3
RO,2000-12,40.7
RO,2001-01,39.9
RO,2001-02,40.0
RO,2001-03,40.4
RO,2001-04,37.4
RO,2001-05,37.3
RO,2001-06,35.7
RO,2001-07,31.9
RO,2001-08,32.3
RO,2001-09,31.2
RO,2001-10,30.8
RO,2001-11,30.7
RO,2001-12,30.3
RO,2002-01,28.6
RO,2002-02,27.2
RO,2002-03,25.1
RO,2002-04,24.4
RO,2002-05,24.5
RO,2002-06,24.0
RO,2002-07,23.0
RO,2002-08,21.3
RO,2002-09,19.7
RO,2002-10,18.8
RO,2002-11,18.6
RO,2002-12,17.8
RO,2003-01,16.6
RO,2003-02,16.2
RO,2003-03,17.1
RO,2003-04,16.0
RO,2003-05,14.4
RO,2003-06,14.0
RO,2003-07,14.8
RO,2003-08,14.1
RO,2003-09,15.9
RO,2003-10,15.8
RO,2003-11,14.5
RO,2003-12,14.2
RO,2004-01,14.0
RO,2004-02,13.7
RO,2004-03,13.1
RO,2004-04,12.5
RO,2004-05,12.3
RO,2004-06,12.0
RO,2004-07,12.1
RO,2004-08,12.4
RO,2004-09,11.1
RO,2004-10,10.8
RO,2004-11,9.9
RO,2004-12,9.3
RO,2005-01,8.9
RO,2005-02,8.9
RO,2005-03,8.7
RO,2005-04,10.0
RO,2005-05,10.1
RO,2005-06,9.7
RO,2005-07,9.4
RO,2005-08,8.9
RO,2005-09,8.5
RO,2005-10,8.2
RO,2005-11,8.8
RO,2005-12,8.7
RO,2006-01,9.0
RO,2006-02,8.6
RO,2006-03,8.4
RO,2006-04,7.0
RO,2006-05,7.3
RO,2006-06,7.2
RO,2006-07,6.3
RO,2006-08,6.1
RO,2006-09,5.5
RO,2006-10,4.8
RO,2006-11,4.7
RO,2006-12,4.9
RO,2007-01,4.1
RO,2007-02,3.9
RO,2007-03,3.7
RO,2007-04,3.8
RO,2007-05,3.9
RO,2007-06,3.9
RO,2007-07,4.1
RO,2007-08,5.0
RO,2007-09,6.1
RO,2007-10,6.9
RO,2007-11,6.8
RO,2007-12,6.7
RO,2008-01,7.3
RO,2008-02,8.0
RO,2008-03,8.7
RO,2008-04,8.7
RO,2008-05,8.5
RO,2008-06,8.7
RO,2008-07,9.1
RO,2008-08,8.1
RO,2008-09,7.4
RO,2008-10,7.4
RO,2008-11,6.8
RO,2008-12,6.4
RO,2009-01,6.8
RO,2009-02,6.9
RO,2009-03,6.7
RO,2009-04,6.4
RO,2009-05,5.9
RO,2009-06,5.8
RO,2009-07,5.0
RO,2009-08,4.9
RO,2009-09,4.9
RO,2009-10,4.3
RO,2009-11,4.6
RO,2009-12,4.7
RO,2010-01,5.2
RO,2010-02,4.5
RO,2010-03,4.2
RO,2010-04,4.3
RO,2010-05,4.4
RO,2010-06,4.3
RO,2010-07,7.1
RO,2010-08,7.6
RO,2010-09,7.7
RO,2010-10,7.9
RO,2010-11,7.7
RO,2010-12,7.9
RO,2011-01,7.0
RO,2011-02,7.6
RO,2011-03,8.0
RO,2011-04,8.4
RO,2011-05,8.5
RO,2011-06,8.0
RO,2011-07,4.9
RO,2011-08,4.3
RO,2011-09,3.5
RO,2011-10,3.6
RO,2011-11,3.5
RO,2011-12,3.2
RO,2012-01,2.8
RO,2012-02,2.7
RO,2012-03,2.5
RO,2012-04,1.9
RO,2012-05,2.0
RO,2012-06,2.2
RO,2012-07,3.1
RO,2012-08,4.0
RO,2012-09,5.4
RO,2012-10,5.0
RO,2012-11,4.4
RO,2012-12,4.6
RO,2013-01,5.1
RO,2013-02,4.9
RO,2013-03,4.4
RO,2013-04,4.4
RO,2013-05,4.4
RO,2013-06,4.5
RO,2013-07,3.4
RO,2013-08,2.6
RO,2013-09,1.1
RO,2013-10,1.2
RO,2013-11,1.3
RO,2013-12,1.3
RO,2014-01,1.2
RO,2014-02,1.3
RO,2014-03,1.3
RO,2014-04,1.6
RO,2014-05,1.3
RO,2014-06,0.9
RO,2014-07,1.5
RO,2014-08,1.3
RO,2014-09,1.8
RO,2014-10,1.8
RO,2014-11,1.5
RO,2014-12,1.0
RO,2015-01,0.5
RO,2015-02,0.4
RO,2015-03,0.8
RO,2015-04,0.6
RO,2015-05,1.3
RO,2015-06,-0.9
RO,2015-07,-1.4
RO,2015-08,-1.7
RO,2015-09,-1.5
RO,2015-10,-1.4
RO,2015-11,-0.9
RO,2015-12,-0.7
RO,2016-01,-1.5
RO,2016-02,-2.1
RO,2016-03,-2.4
RO,2016-04,-2.6
RO,2016-05,-3.0
RO,2016-06,-0.7
RO,2016-07,-0.3
RO,2016-08,0.3
RO,2016-09,-0.1
RO,2016-10,0.1
RO,2016-11,-0.2
RO,2016-12,-0.1
RO,2017-01,0.3
RO,2017-02,0.5
RO,2017-03,0.4
RO,2017-04,0.6
RO,2017-05,0.5
RO,2017-06,0.7
RO,2017-07,0.9
RO,2017-08,0.6
RO,2017-09,1.3
RO,2017-10,2.0
RO,2017-11,2.6
RO,2017-12,2.6
RO,2018-01,3.4
RO,2018-02,3.8
RO,2018-03,4.0
RO,2018-04,4.3
RO,2018-05,4.6
RO,2018-06,4.7
RO,2018-07,4.3
RO,2018-08,4.7
RO,2018-09,4.7
RO,2018-10,4.2
RO,2018-11,3.2
RO,2018-12,3.0
RO,2019-01,3.2
RO,2019-02,4.0
RO,2019-03,4.2
RO,2019-04,4.4
RO,2019-05,4.4
RO,2019-06,3.9
RO,2019-07,4.1
RO,2019-08,4.1
RO,2019-09,3.5
RO,2019-10,3.2
RO,2019-11,3.8
RO,2019-12,4.0
RO,2020-01,3.9
RO,2020-02,2.9
RO,2020-03,2.7
RO,2020-04,2.3
RO,2020-05,1.8
RO,2020-06,2.2
RO,2020-07,2.5
RO,2020-08,2.5
RO,2020-09,2.1
RO,2020-10,1.8
RO,2020-11,1.7
RO,2020-12,1.8
RO,2021-01,2.0
RO,2021-02,2.5
RO,2021-03,2.5
RO,2021-04,2.7
RO,2021-05,3.2
RO,2021-06,3.5
RO,2021-07,3.8
RO,2021-08,4.0
RO,2021-09,5.2
RO,2021-10,6.5
RO,2021-11,6.7
RO,2021-12,6.7
RO,2022-01,7.2
RO,2022-02,7.9
RO,2022-03,9.6
RO,2022-04,11.7
RO,2022-05,12.4
RO,2022-06,13.0
RO,2022-07,13.0
RO,2022-08,13.3
RO,2022-09,13.4
RO,2022-10,13.5
RO,2022-11,14.6
RO,2022-12,14.1
RO,2023-01,13.4
RO,2023-02,13.4
RO,2023-03,12.2
RO,2023-04,10.4
RO,2023-05,9.6
RO,2023-06,9.3
RO,2023-07,8.9
RO,2023-08,9.3
RO,2023-09,9.2
RO,2023-10,8.3
RO,2023-11,6.9
RO,2023-12,7.0
RO,2024-01,7.3
RO,2024-02,7.1
RO,2024-03,6.7
RO,2024-04,6.2
RO,2024-05,5.8
RO,2024-06,5.3
RO,2024-07,5.8
RO,2024-08,5.3
RO,2024-09,4.8
RO,2024-10,5.0
RO,2024-11,5.4
RO,2024-12,5.5
RO,2025-01,5.3
RO,2025-02,5.2
RO,2025-03,5.1
RO,2025-04,4.9
RO,2025-05,5.4
RO,2025-06,5.8
RO,2025-07,6.6
RO,2025-08,8.5
RO,2025-09,8.6
RO,2025-10,8.4
RO,2025-11,8.6
RO,2025-12,8.6
SE,1997-01,1.4
SE,1997-02,1.1
SE,1997-03,1.0
SE,1997-04,1.2
SE,1997-05,1.2
SE,1997-06,1.6
SE,1997-07,1.5
SE,1997-08,2.1
SE,1997-09,2.6
SE,1997-10,2.7
SE,1997-11,2.7
SE,1997-12,2.7
SE,1998-01,2.1
SE,1998-02,2.0
SE,1998-03,1.7
SE,1998-04,1.4
SE,1998-05,1.6
SE,1998-06,1.3
SE,1998-07,1.3
SE,1998-08,0.6
SE,1998-09,-0.1
SE,1998-10,0.1
SE,1998-11,0.1
SE,1998-12,0.1
SE,1999-01,0.1
SE,1999-02,0.2
SE,1999-03,0.5
SE,1999-04,0.3
SE,1999-05,0.3
SE,1999-06,0.5
SE,1999-07,0.2
SE,1999-08,0.8
SE,1999-09,1.1
SE,1999-10,1.0
SE,1999-11,0.8
SE,1999-12,1.1
SE,2000-01,1.0
SE,2000-02,1.4
SE,2000-03,1.3
SE,2000-04,1.0
SE,2000-05,1.3
SE,2000-06,1.3
SE,2000-07,1.3
SE,2000-08,1.3
SE,2000-09,1.2
SE,2000-10,1.3
SE,2000-11,1.8
SE,2000-12,1.3
SE,2001-01,1.6
SE,2001-02,1.5
SE,2001-03,1.8
SE,2001-04,2.9
SE,2001-05,3.1
SE,2001-06,2.9
SE,2001-07,2.8
SE,2001-08,3.0
SE,2001-09,3.4
SE,2001-10,3.0
SE,2001-11,2.9
SE,2001-12,3.2
SE,2002-01,2.9
SE,2002-02,2.8
SE,2002-03,2.9
SE,2002-04,2.3
SE,2002-05,1.6
SE,2002-06,1.7
SE,2002-07,1.7
SE,2002-08,1.6
SE,2002-09,1.2
SE,2002-10,1.7
SE,2002-11,1.4
SE,2002-12,1.7
SE,2003-01,2.6
SE,2003-02,3.3
SE,2003-03,3.0
SE,2003-04,2.3
SE,2003-05,1.9
SE,2003-06,2.0
SE,2003-07,2.4
SE,2003-08,2.3
SE,2003-09,2.3
SE,2003-10,2.0
SE,2003-11,2.0
SE,2003-12,1.8
SE,2004-01,1.2
SE,2004-02,0.1
SE,2004-03,0.4
SE,2004-04,1.0
SE,2004-05,1.5
SE,2004-06,1.1
SE,2004-07,1.2
SE,2004-08,1.1
SE,2004-09,1.1
SE,2004-10,1.5
SE,2004-11,1.1
SE,2004-12,0.9
SE,2005-01,0.5
SE,2005-02,1.2
SE,2005-03,0.6
SE,2005-04,0.5
SE,2005-05,0.2
SE,2005-06,0.8
SE,2005-07,0.7
SE,2005-08,1.1
SE,2005-09,1.1
SE,2005-10,0.9
SE,2005-11,1.2
SE,2005-12,1.2
SE,2006-01,1.2
SE,2006-02,1.0
SE,2006-03,1.4
SE,2006-04,1.8
SE,2006-05,1.9
SE,2006-06,1.9
SE,2006-07,1.7
SE,2006-08,1.6
SE,2006-09,1.2
SE,2006-10,1.2
SE,2006-11,1.5
SE,2006-12,1.5
SE,2007-01,1.6
SE,2007-02,1.7
SE,2007-03,1.6
SE,2007-04,1.6
SE,2007-05,1.2
SE,2007-06,1.3
SE,2007-07,1.4
SE,2007-08,1.2
SE,2007-09,1.6
SE,2007-10,1.9
SE,2007-11,2.4
SE,2007-12,2.5
SE,2008-01,3.0
SE,2008-02,2.9
SE,2008-03,3.3
SE,2008-04,3.2
SE,2008-05,3.7
SE,2008-06,4.0
SE,2008-07,3.8
SE,2008-08,4.1
SE,2008-09,4.2
SE,2008-10,3.5
SE,2008-11,2.4
SE,2008-12,2.1
SE,2009-01,2.1
SE,2009-02,2.2
SE,2009-03,1.9
SE,2009-04,1.8
SE,2009-05,1.7
SE,2009-06,1.6
SE,2009-07,1.8
SE,2009-08,1.9
SE,2009-09,1.4
SE,2009-10,1.8
SE,2009-11,2.4
SE,2009-12,2.8
SE,2010-01,2.7
SE,2010-02,2.8
SE,2010-03,2.5
SE,2010-04,2.1
SE,2010-05,1.8
SE,2010-06,1.6
SE,2010-07,1.4
SE,2010-08,1.1
SE,2010-09,1.5
SE,2010-10,1.6
SE,2010-11,1.7
SE,2010-12,2.1
SE,2011-01,1.4
SE,2011-02,1.2
SE,2011-03,1.4
SE,2011-04,1.8
SE,2011-05,1.7
SE,2011-06,1.5
SE,2011-07,1.6
SE,2011-08,1.6
SE,2011-09,1.5
SE,2011-10,1.1
SE,2011-11,1.1
SE,2011-12,0.4
SE,2012-01,0.8
SE,2012-02,1.0
SE,2012-03,1.1
SE,2012-04,1.0
SE,2012-05,0.9
SE,2012-06,0.9
SE,2012-07,0.7
SE,2012-08,0.9
SE,2012-09,1.0
SE,2012-10,1.2
SE,2012-11,0.8
SE,2012-12,1.0
SE,2013-01,0.6
SE,2013-02,0.5
SE,2013-03,0.5
SE,2013-04,0.0
SE,2013-05,0.3
SE,2013-06,0.5
SE,2013-07,0.8
SE,2013-08,0.8
SE,2013-09,0.5
SE,2013-10,0.2
SE,2013-11,0.3
SE,2013-12,0.4
SE,2014-01,0.2
SE,2014-02,0.1
SE,2014-03,-0.3
SE,2014-04,0.3
SE,2014-05,0.2
SE,2014-06,0.5
SE,2014-07,0.4
SE,2014-08,0.2
SE,2014-09,0.0
SE,2014-10,0.3
SE,2014-11,0.3
SE,2014-12,0.3
SE,2015-01,0.4
SE,2015-02,0.7
SE,2015-03,0.7
SE,2015-04,0.5
SE,2015-05,0.9
SE,2015-06,0.4
SE,2015-07,0.8
SE,2015-08,0.6
SE,2015-09,0.9
SE,2015-10,0.9
SE,2015-11,0.8
SE,2015-12,0.7
SE,2016-01,1.3
SE,2016-02,0.8
SE,2016-03,1.2
SE,2016-04,1.0
SE,2016-05,0.8
SE,2016-06,1.2
SE,2016-07,1.1
SE,2016-08,1.2
SE,2016-09,0.8
SE,2016-10,1.1
SE,2016-11,1.3
SE,2016-12,1.7
SE,2017-01,1.5
SE,2017-02,1.9
SE,2017-03,1.4
SE,2017-04,2.0
SE,2017-05,1.8
SE,2017-06,1.8
SE,2017-07,2.3
SE,2017-08,2.2
SE,2017-09,2.2
SE,2017-10,1.7
SE,2017-11,1.9
SE,2017-12,1.7
SE,2018-01,1.6
SE,2018-02,1.6
SE,2018-03,2.0
SE,2018-04,1.8
SE,2018-05,2.0
SE,2018-06,2.1
SE,2018-07,2.2
SE,2018-08,2.1
SE,2018-09,2.5
SE,2018-10,2.4
SE,2018-11,2.1
SE,2018-12,2.2
SE,2019-01,2.0
SE,2019-02,1.9
SE,2019-03,1.8
SE,2019-04,2.1
SE,2019-05,2.1
SE,2019-06,1.6
SE,2019-07,1.5
SE,2019-08,1.3
SE,2019-09,1.3
SE,2019-10,1.6
SE,2019-11,1.8
SE,2019-12,1.7
SE,2020-01,1.5
SE,2020-02,1.3
SE,2020-03,0.8
SE,2020-04,-0.2
SE,2020-05,0.1
SE,2020-06,0.9
SE,2020-07,0.7
SE,2020-08,1.0
SE,2020-09,0.6
SE,2020-10,0.4
SE,2020-11,0.2
SE,2020-12,0.6
SE,2021-01,1.9
SE,2021-02,1.8
SE,2021-03,2.1
SE,2021-04,2.8
SE,2021-05,2.4
SE,2021-06,1.8
SE,2021-07,1.8
SE,2021-08,2.5
SE,2021-09,3.0
SE,2021-10,3.3
SE,2021-11,3.9
SE,2021-12,4.5
SE,2022-01,3.9
SE,2022-02,4.4
SE,2022-03,6.3
SE,2022-04,6.6
SE,2022-05,7.5
SE,2022-06,8.9
SE,2022-07,8.3
SE,2022-08,9.5
SE,2022-09,10.3
SE,2022-10,9.8
SE,2022-11,10.1
SE,2022-12,10.8
SE,2023-01,9.6
SE,2023-02,9.7
SE,2023-03,8.1
SE,2023-04,7.7
SE,2023-05,6.7
SE,2023-06,6.3
SE,2023-07,6.3
SE,2023-08,4.5
SE,2023-09,3.7
SE,2023-10,4.0
SE,2023-11,3.3
SE,2023-12,1.9
SE,2024-01,3.4
SE,2024-02,2.6
SE,2024-03,2.3
SE,2024-04,2.4
SE,2024-05,2.5
SE,2024-06,1.4
SE,2024-07,1.7
SE,2024-08,1.3
SE,2024-09,1.2
SE,2024-10,1.6
SE,2024-11,2.0
SE,2024-12,1.6
SE,2025-01,2.0
SE,2025-02,2.8
SE,2025-03,2.1
SE,2025-04,2.1
SE,2025-05,2.3
SE,2025-06,2.9
SE,2025-07,3.1
SE,2025-08,3.4
SE,2025-09,3.2
SE,2025-10,3.1
SE,2025-11,2.2
SE,2025-12,2.1
SI,1997-01,8.9
SI,1997-02,8.4
SI,1997-03,7.2
SI,1997-04,6.9
SI,1997-05,7.9
SI,1997-06,7.8
SI,1997-07,8.2
SI,1997-08,8.9
SI,1997-09,9.1
SI,1997-10,8.8
SI,1997-11,9.0
SI,1997-12,8.8
SI,1998-01,8.9
SI,1998-02,9.1
SI,1998-03,9.5
SI,1998-04,9.1
SI,1998-05,8.4
SI,1998-06,8.2
SI,1998-07,7.6
SI,1998-08,7.7
SI,1998-09,7.1
SI,1998-10,6.8
SI,1998-11,6.5
SI,1998-12,6.4
SI,1999-01,6.1
SI,1999-02,5.6
SI,1999-03,5.1
SI,1999-04,4.6
SI,1999-05,4.2
SI,1999-06,4.3
SI,1999-07,6.0
SI,1999-08,6.7
SI,1999-09,7.4
SI,1999-10,7.6
SI,1999-11,7.8
SI,1999-12,8.0
SI,2000-01,7.8
SI,2000-02,8.4
SI,2000-03,9.0
SI,2000-04,9.3
SI,2000-05,9.1
SI,2000-06,9.8
SI,2000-07,8.9
SI,2000-08,8.3
SI,2000-09,9.0
SI,2000-10,9.1
SI,2000-11,9.8
SI,2000-12,8.9
SI,2001-01,8.5
SI,2001-02,8.8
SI,2001-03,9.0
SI,2001-04,9.1
SI,2001-05,10.0
SI,2001-06,9.8
SI,2001-07,9.1
SI,2001-08,8.8
SI,2001-09,8.3
SI,2001-10,8.1
SI,2001-11,7.2
SI,2001-12,7.1
SI,2002-01,8.4
SI,2002-02,8.0
SI,2002-03,7.6
SI,2002-04,8.4
SI,2002-05,7.6
SI,2002-06,6.9
SI,2002-07,7.5
SI,2002-08,7.7
SI,2002-09,7.2
SI,2002-10,7.0
SI,2002-11,6.5
SI,2002-12,7.1
SI,2003-01,6.7
SI,2003-02,6.4
SI,2003-03,6.3
SI,2003-04,5.3
SI,2003-05,5.5
SI,2003-06,6.2
SI,2003-07,6.1
SI,2003-08,5.6
SI,2003-09,5.0
SI,2003-10,4.9
SI,2003-11,5.2
SI,2003-12,4.7
SI,2004-01,4.0
SI,2004-02,3.6
SI,2004-03,3.5
SI,2004-04,3.6
SI,2004-05,3.9
SI,2004-06,3.9
SI,2004-07,3.8
SI,2004-08,3.7
SI,2004-09,3.4
SI,2004-10,3.4
SI,2004-11,3.8
SI,2004-12,3.3
SI,2005-01,2.3
SI,2005-02,2.8
SI,2005-03,3.2
SI,2005-04,2.7
SI,2005-05,2.1
SI,2005-06,1.7
SI,2005-07,1.9
SI,2005-08,1.8
SI,2005-09,3.1
SI,2005-10,3.1
SI,2005-11,2.0
SI,2005-12,2.4
SI,2006-01,2.6
SI,2006-02,2.3
SI,2006-03,2.0
SI,2006-04,2.8
SI,2006-05,3.4
SI,2006-06,3.0
SI,2006-07,1.9
SI,2006-08,3.1
SI,2006-09,2.5
SI,2006-10,1.6
SI,2006-11,2.5
SI,2006-12,3.0
SI,2007-01,2.8
SI,2007-02,2.3
SI,2007-03,2.7
SI,2007-04,2.9
SI,2007-05,3.2
SI,2007-06,3.8
SI,2007-07,4.0
SI,2007-08,3.5
SI,2007-09,3.6
SI,2007-10,5.1
SI,2007-11,5.8
SI,2007-12,5.7
SI,2008-01,6.4
SI,2008-02,6.3
SI,2008-03,6.6
SI,2008-04,6.2
SI,2008-05,6.2
SI,2008-06,6.8
SI,2008-07,6.9
SI,2008-08,6.0
SI,2008-09,5.5
SI,2008-10,4.8
SI,2008-11,2.9
SI,2008-12,1.8
SI,2009-01,1.4
SI,2009-02,2.1
SI,2009-03,1.6
SI,2009-04,1.1
SI,2009-05,0.5
SI,2009-06,0.2
SI,2009-07,-0.6
SI,2009-08,0.1
SI,2009-09,0.0
SI,2009-10,0.1
SI,2009-11,1.8
SI,2009-12,2.1
SI,2010-01,1.8
SI,2010-02,1.5
SI,2010-03,1.7
SI,2010-04,2.6
SI,2010-05,2.4
SI,2010-06,2.1
SI,2010-07,2.3
SI,2010-08,2.4
SI,2010-09,2.0
SI,2010-10,2.1
SI,2010-11,1.6
SI,2010-12,2.2
SI,2011-01,2.3
SI,2011-02,2.0
SI,2011-03,2.4
SI,2011-04,2.0
SI,2011-05,2.4
SI,2011-06,1.6
SI,2011-07,1.1
SI,2011-08,1.2
SI,2011-09,2.3
SI,2011-10,2.9
SI,2011-11,2.8
SI,2011-12,2.1
SI,2012-01,2.2
SI,2012-02,2.8
SI,2012-03,2.5
SI,2012-04,2.9
SI,2012-05,2.4
SI,2012-06,2.4
SI,2012-07,2.6
SI,2012-08,3.1
SI,2012-09,3.7
SI,2012-10,3.2
SI,2012-11,2.8
SI,2012-12,3.1
SI,2013-01,2.8
SI,2013-02,2.9
SI,2013-03,2.2
SI,2013-04,1.6
SI,2013-05,1.6
SI,2013-06,2.2
SI,2013-07,2.8
SI,2013-08,2.3
SI,2013-09,1.5
SI,2013-10,1.2
SI,2013-11,1.2
SI,2013-12,0.9
SI,2014-01,0.9
SI,2014-02,0.2
SI,2014-03,0.6
SI,2014-04,0.5
SI,2014-05,1.0
SI,2014-06,1.0
SI,2014-07,0.3
SI,2014-08,0.0
SI,2014-09,-0.1
SI,2014-10,0.0
SI,2014-11,0.0
SI,2014-12,-0.1
SI,2015-01,-0.7
SI,2015-02,-0.5
SI,2015-03,-0.4
SI,2015-04,-0.8
SI,2015-05,-0.8
SI,2015-06,-1.0
SI,2015-07,-0.7
SI,2015-08,-0.6
SI,2015-09,-1.0
SI,2015-10,-1.1
SI,2015-11,-0.9
SI,2015-12,-0.6
SI,2016-01,-0.8
SI,2016-02,-0.9
SI,2016-03,-0.9
SI,2016-04,-0.7
SI,2016-05,-0.5
SI,2016-06,0.0
SI,2016-07,-0.1
SI,2016-08,-0.2
SI,2016-09,0.2
SI,2016-10,0.7
SI,2016-11,0.7
SI,2016-12,0.6
SI,2017-01,1.5
SI,2017-02,2.5
SI,2017-03,2.0
SI,2017-04,1.7
SI,2017-05,1.5
SI,2017-06,0.9
SI,2017-07,1.2
SI,2017-08,1.4
SI,2017-09,1.4
SI,2017-10,1.3
SI,2017-11,1.4
SI,2017-12,1.9
SI,2018-01,1.7
SI,2018-02,1.4
SI,2018-03,1.5
SI,2018-04,1.9
SI,2018-05,2.2
SI,2018-06,2.3
SI,2018-07,2.1
SI,2018-08,2.0
SI,2018-09,2.2
SI,2018-10,2.3
SI,2018-11,2.1
SI,2018-12,1.4
SI,2019-01,1.2
SI,2019-02,1.3
SI,2019-03,1.6
SI,2019-04,1.8
SI,2019-05,1.6
SI,2019-06,1.9
SI,2019-07,2.0
SI,2019-08,2.4
SI,2019-09,1.7
SI,2019-10,1.5
SI,2019-11,1.4
SI,2019-12,2.0
SI,2020-01,2.3
SI,2020-02,2.0
SI,2020-03,0.7
SI,2020-04,-1.3
SI,2020-05,-1.4
SI,2020-06,-0.8
SI,2020-07,-0.3
SI,2020-08,-0.7
SI,2020-09,-0.7
SI,2020-10,-0.5
SI,2020-11,-1.1
SI,2020-12,-1.2
SI,2021-01,-0.9
SI,2021-02,-1.1
SI,2021-03,0.1
SI,2021-04,2.2
SI,2021-05,2.2
SI,2021-06,1.7
SI,2021-07,2.0
SI,2021-08,2.1
SI,2021-09,2.7
SI,2021-10,3.5
SI,2021-11,4.9
SI,2021-12,5.1
SI,2022-01,6.0
SI,2022-02,7.0
SI,2022-03,6.0
SI,2022-04,7.4
SI,2022-05,8.7
SI,2022-06,10.8
SI,2022-07,11.7
SI,2022-08,11.5
SI,2022-09,10.6
SI,2022-10,10.3
SI,2022-11,10.8
SI,2022-12,10.8
SI,2023-01,9.9
SI,2023-02,9.4
SI,2023-03,10.4
SI,2023-04,9.2
SI,2023-05,8.1
SI,2023-06,6.6
SI,2023-07,5.7
SI,2023-08,6.1
SI,2023-09,7.1
SI,2023-10,6.6
SI,2023-11,4.5
SI,2023-12,3.8
SI,2024-01,3.4
SI,2024-02,3.4
SI,2024-03,3.4
SI,2024-04,3.0
SI,2024-05,2.5
SI,2024-06,1.6
SI,2024-07,1.4
SI,2024-08,1.1
SI,2024-09,0.7
SI,2024-10,0.0
SI,2024-11,1.6
SI,2024-12,2.0
SI,2025-01,2.3
SI,2025-02,1.9
SI,2025-03,2.2
SI,2025-04,2.3
SI,2025-05,1.9
SI,2025-06,2.5
SI,2025-07,2.9
SI,2025-08,3.0
SI,2025-09,2.7
SI,2025-10,3.1
SI,2025-11,2.4
SI,2025-12,2.6
SK,1997-01,5.7
SK,1997-02,6.0
SK,1997-03,6.3
SK,1997-04,6.4
SK,1997-05,5.9
SK,1997-06,6.1
SK,1997-07,5.9
SK,1997-08,6.4
SK,1997-09,5.5
SK,1997-10,5.7
SK,1997-11,6.0
SK,1997-12,6.2
SK,1998-01,7.1
SK,1998-02,7.4
SK,1998-03,7.1
SK,1998-04,7.1
SK,1998-05,7.7
SK,1998-06,7.5
SK,1998-07,7.0
SK,1998-08,5.6
SK,1998-09,5.9
SK,1998-10,6.3
SK,1998-11,6.1
SK,1998-12,5.7
SK,1999-01,6.8
SK,1999-02,6.8
SK,1999-03,6.9
SK,1999-04,7.0
SK,1999-05,6.5
SK,1999-06,6.9
SK,1999-07,13.6
SK,1999-08,14.4
SK,1999-09,14.6
SK,1999-10,13.9
SK,1999-11,13.8
SK,1999-12,14.1
SK,2000-01,13.7
SK,2000-02,16.7
SK,2000-03,16.8
SK,2000-04,16.2
SK,2000-05,16.3
SK,2000-06,15.7
SK,2000-07,9.3
SK,2000-08,8.8
SK,2000-09,8.8
SK,2000-10,8.7
SK,2000-11,8.6
SK,2000-12,8.4
SK,2001-01,7.5
SK,2001-02,6.3
SK,2001-03,6.6
SK,2001-04,7.1
SK,2001-05,7.3
SK,2001-06,7.5
SK,2001-07,8.0
SK,2001-08,7.7
SK,2001-09,7.3
SK,2001-10,6.9
SK,2001-11,6.8
SK,2001-12,6.7
SK,2002-01,6.5
SK,2002-02,4.4
SK,2002-03,3.8
SK,2002-04,3.7
SK,2002-05,3.3
SK,2002-06,2.8
SK,2002-07,2.2
SK,2002-08,3.0
SK,2002-09,3.1
SK,2002-10,3.3
SK,2002-11,3.0
SK,2002-12,3.2
SK,2003-01,7.1
SK,2003-02,7.4
SK,2003-03,8.0
SK,2003-04,7.7
SK,2003-05,7.6
SK,2003-06,8.3
SK,2003-07,8.5
SK,2003-08,9.0
SK,2003-09,9.3
SK,2003-10,9.3
SK,2003-11,9.5
SK,2003-12,9.4
SK,2004-01,8.3
SK,2004-02,8.4
SK,2004-03,8.0
SK,2004-04,7.9
SK,2004-05,8.2
SK,2004-06,8.2
SK,2004-07,8.4
SK,2004-08,7.1
SK,2004-09,6.6
SK,2004-10,6.6
SK,2004-11,6.2
SK,2004-12,5.9
SK,2005-01,3.2
SK,2005-02,2.7
SK,2005-03,2.4
SK,2005-04,2.6
SK,2005-05,2.4
SK,2005-06,2.6
SK,2005-07,2.1
SK,2005-08,2.1
SK,2005-09,2.3
SK,2005-10,3.5
SK,2005-11,3.6
SK,2005-12,3.8
SK,2006-01,4.1
SK,2006-02,4.3
SK,2006-03,4.3
SK,2006-04,4.4
SK,2006-05,4.8
SK,2006-06,4.5
SK,2006-07,5.0
SK,2006-08,5.0
SK,2006-09,4.5
SK,2006-10,3.1
SK,2006-11,3.6
SK,2006-12,3.7
SK,2007-01,2.2
SK,2007-02,2.0
SK,2007-03,2.0
SK,2007-04,2.0
SK,2007-05,1.5
SK,2007-06,1.5
SK,2007-07,1.2
SK,2007-08,1.2
SK,2007-09,1.7
SK,2007-10,2.4
SK,2007-11,2.3
SK,2007-12,2.5
SK,2008-01,3.2
SK,2008-02,3.4
SK,2008-03,3.6
SK,2008-04,3.6
SK,2008-05,4.0
SK,2008-06,4.3
SK,2008-07,4.4
SK,2008-08,4.5
SK,2008-09,4.6
SK,2008-10,4.2
SK,2008-11,3.9
SK,2008-12,3.5
SK,2009-01,2.7
SK,2009-02,2.4
SK,2009-03,1.8
SK,2009-04,1.4
SK,2009-05,1.1
SK,2009-06,0.7
SK,2009-07,0.6
SK,2009-08,0.5
SK,2009-09,0.0
SK,2009-10,-0.1
SK,2009-11,0.0
SK,2009-12,0.0
SK,2010-01,-0.2
SK,2010-02,-0.2
SK,2010-03,0.3
SK,2010-04,0.7
SK,2010-05,0.7
SK,2010-06,0.7
SK,2010-07,1.0
SK,2010-08,1.1
SK,2010-09,1.1
SK,2010-10,1.0
SK,2010-11,1.0
SK,2010-12,1.3
SK,2011-01,3.2
SK,2011-02,3.5
SK,2011-03,3.8
SK,2011-04,3.9
SK,2011-05,4.2
SK,2011-06,4.1
SK,2011-07,3.8
SK,2011-08,4.1
SK,2011-09,4.4
SK,2011-10,4.6
SK,2011-11,4.8
SK,2011-12,4.6
SK,2012-01,4.0
SK,2012-02,4.0
SK,2012-03,3.9
SK,2012-04,3.7
SK,2012-05,3.4
SK,2012-06,3.7
SK,2012-07,3.8
SK,2012-08,3.8
SK,2012-09,3.8
SK,2012-10,3.9
SK,2012-11,3.5
SK,2012-12,3.4
SK,2013-01,2.5
SK,2013-02,2.3
SK,2013-03,1.9
SK,2013-04,1.7
SK,2013-05,1.8
SK,2013-06,1.7
SK,2013-07,1.6
SK,2013-08,1.4
SK,2013-09,1.1
SK,2013-10,0.7
SK,2013-11,0.5
SK,2013-12,0.4
SK,2014-01,0.0
SK,2014-02,-0.1
SK,2014-03,-0.2
SK,2014-04,-0.2
SK,2014-05,0.0
SK,2014-06,-0.1
SK,2014-07,-0.1
SK,2014-08,-0.2
SK,2014-09,-0.1
SK,2014-10,0.0
SK,2014-11,0.0
SK,2014-12,-0.1
SK,2015-01,-0.5
SK,2015-02,-0.6
SK,2015-03,-0.4
SK,2015-04,-0.1
SK,2015-05,-0.1
SK,2015-06,-0.1
SK,2015-07,-0.2
SK,2015-08,-0.2
SK,2015-09,-0.5
SK,2015-10,-0.5
SK,2015-11,-0.4
SK,2015-12,-0.5
SK,2016-01,-0.6
SK,2016-02,-0.3
SK,2016-03,-0.5
SK,2016-04,-0.4
SK,2016-05,-0.7
SK,2016-06,-0.7
SK,2016-07,-0.9
SK,2016-08,-0.8
SK,2016-09,-0.5
SK,2016-10,-0.3
SK,2016-11,-0.2
SK,2016-12,0.2
SK,2017-01,0.8
SK,2017-02,1.2
SK,2017-03,1.0
SK,2017-04,0.8
SK,2017-05,1.1
SK,2017-06,1.0
SK,2017-07,1.5
SK,2017-08,1.6
SK,2017-09,1.8
SK,2017-10,1.8
SK,2017-11,2.1
SK,2017-12,2.0
SK,2018-01,2.6
SK,2018-02,2.2
SK,2018-03,2.5
SK,2018-04,3.0
SK,2018-05,2.7
SK,2018-06,2.9
SK,2018-07,2.6
SK,2018-08,2.9
SK,2018-09,2.7
SK,2018-10,2.5
SK,2018-11,2.0
SK,2018-12,1.9
SK,2019-01,2.2
SK,2019-02,2.3
SK,2019-03,2.7
SK,2019-04,2.4
SK,2019-05,2.7
SK,2019-06,2.7
SK,2019-07,3.0
SK,2019-08,3.0
SK,2019-09,3.0
SK,2019-10,2.9
SK,2019-11,3.2
SK,2019-12,3.2
SK,2020-01,3.2
SK,2020-02,3.1
SK,2020-03,2.4
SK,2020-04,2.1
SK,2020-05,2.1
SK,2020-06,1.8
SK,2020-07,1.8
SK,2020-08,1.4
SK,2020-09,1.4
SK,2020-10,1.6
SK,2020-11,1.6
SK,2020-12,1.6
SK,2021-01,0.7
SK,2021-02,0.9
SK,2021-03,1.5
SK,2021-04,1.7
SK,2021-05,2.0
SK,2021-06,2.5
SK,2021-07,2.9
SK,2021-08,3.3
SK,2021-09,4.0
SK,2021-10,4.4
SK,2021-11,4.8
SK,2021-12,5.1
SK,2022-01,7.7
SK,2022-02,8.3
SK,2022-03,9.6
SK,2022-04,10.9
SK,2022-05,11.8
SK,2022-06,12.6
SK,2022-07,12.8
SK,2022-08,13.4
SK,2022-09,13.6
SK,2022-10,14.5
SK,2022-11,15.1
SK,2022-12,15.0
SK,2023-01,15.1
SK,2023-02,15.4
SK,2023-03,14.8
SK,2023-04,14.0
SK,2023-05,12.3
SK,2023-06,11.3
SK,2023-07,10.3
SK,2023-08,9.6
SK,2023-09,9.0
SK,2023-10,7.8
SK,2023-11,6.9
SK,2023-12,6.6
SK,2024-01,4.4
SK,2024-02,3.8
SK,2024-03,2.7
SK,2024-04,2.4
SK,2024-05,2.6
SK,2024-06,2.4
SK,2024-07,3.0
SK,2024-08,3.2
SK,2024-09,2.9
SK,2024-10,3.5
SK,2024-11,3.6
SK,2024-12,3.2
SK,2025-01,4.2
SK,2025-02,4.1
SK,2025-03,4.2
SK,2025-04,3.9
SK,2025-05,4.3
SK,2025-06,4.6
SK,2025-07,4.6
SK,2025-08,4.4
SK,2025-09,4.6
SK,2025-10,3.9
SK,2025-11,3.9
SK,2025-12,4.1
GB,1989-01,5.7
GB,1989-02,5.8
GB,1989-03,5.9
GB,1989-04,5.6
GB,1989-05,5.9
GB,1989-06,5.8
GB,1989-07,5.7
GB,1989-08,5.5
GB,1989-09,5.7
GB,1989-10,5.8
GB,1989-11,5.7
GB,1989-12,5.8
GB,1990-01,5.9
GB,1990-02,6.3
GB,1990-03,6.2
GB,1990-04,7.7
GB,1990-05,8.2
GB,1990-06,8.2
GB,1990-07,8.2
GB,1990-08,8.9
GB,1990-09,9.2
GB,1990-10,9.2
GB,1990-11,9.2
GB,1990-12,9.2
GB,1991-01,8.6
GB,1991-02,8.2
GB,1991-03,8.3
GB,1991-04,8.0
GB,1991-05,7.5
GB,1991-06,7.7
GB,1991-07,7.5
GB,1991-08,7.5
GB,1991-09,6.9
GB,1991-10,6.5
GB,1991-11,6.5
GB,1991-12,6.5
GB,1992-01,6.2
GB,1992-02,6.3
GB,1992-03,6.2
GB,1992-04,5.2
GB,1992-05,5.1
GB,1992-06,4.6
GB,1992-07,4.5
GB,1992-08,3.7
GB,1992-09,3.7
GB,1992-10,3.5
GB,1992-11,3.3
GB,1992-12,3.2
GB,1993-01,3.0
GB,1993-02,3.1
GB,1993-03,3.2
GB,1993-04,2.6
GB,1993-05,2.3
GB,1993-06,2.2
GB,1993-07,2.3
GB,1993-08,2.6
GB,1993-09,2.7
GB,1993-10,2.4
GB,1993-11,2.1
GB,1993-12,2.3
GB,1994-01,2.6
GB,1994-02,2.4
GB,1994-03,2.2
GB,1994-04,2.4
GB,1994-05,2.4
GB,1994-06,2.3
GB,1994-07,2.1
GB,1994-08,2.2
GB,1994-09,1.9
GB,1994-10,1.8
GB,1994-11,2.1
GB,1994-12,2.2
GB,1995-01,2.4
GB,1995-02,2.3
GB,1995-03,2.4
GB,1995-04,2.3
GB,1995-05,2.6
GB,1995-06,2.7
GB,1995-07,2.8
GB,1995-08,2.7
GB,1995-09,3.0
GB,1995-10,3.0
GB,1995-11,2.9
GB,1995-12,3.1
GB,1996-01,2.9
GB,1996-02,3.0
GB,1996-03,3.0
GB,1996-04,2.8
GB,1996-05,2.8
GB,1996-06,2.8
GB,1996-07,2.7
GB,1996-08,2.7
GB,1996-09,2.7
GB,1996-10,3.0
GB,1996-11,3.1
GB,1996-12,2.8
GB,1997-01,2.6
GB,1997-02,2.4
GB,1997-03,2.2
GB,1997-04,2.1
GB,1997-05,2.1
GB,1997-06,2.1
GB,1997-07,2.4
GB,1997-08,2.3
GB,1997-09,2.2
GB,1997-10,2.2
GB,1997-11,2.1
GB,1997-12,1.9
GB,1998-01,1.8
GB,1998-02,1.8
GB,1998-03,1.9
GB,1998-04,2.1
GB,1998-05,2.2
GB,1998-06,1.9
GB,1998-07,1.7
GB,1998-08,1.6
GB,1998-09,1.7
GB,1998-10,1.6
GB,1998-11,1.7
GB,1998-12,1.9
GB,1999-01,2.0
GB,1999-02,1.9
GB,1999-03,2.1
GB,1999-04,2.0
GB,1999-05,1.7
GB,1999-06,1.8
GB,1999-07,1.7
GB,1999-08,1.6
GB,1999-09,1.6
GB,1999-10,1.5
GB,1999-11,1.5
GB,1999-12,1.5
GB,2000-01,1.2
GB,2000-02,1.2
GB,2000-03,1.0
GB,2000-04,0.9
GB,2000-05,1.0
GB,2000-06,1.2
GB,2000-07,1.2
GB,2000-08,1.0
GB,2000-09,1.3
GB,2000-10,1.4
GB,2000-11,1.5
GB,2000-12,1.2
GB,2001-01,1.2
GB,2001-02,1.2
GB,2001-03,1.3
GB,2001-04,1.5
GB,2001-05,1.9
GB,2001-06,1.9
GB,2001-07,1.7
GB,2001-08,2.1
GB,2001-09,1.7
GB,2001-10,1.6
GB,2001-11,1.2
GB,2001-12,1.4
GB,2002-01,1.8
GB,2002-02,1.7
GB,2002-03,1.7
GB,2002-04,1.6
GB,2002-05,1.2
GB,2002-06,1.1
GB,2002-07,1.4
GB,2002-08,1.3
GB,2002-09,1.2
GB,2002-10,1.5
GB,2002-11,1.6
GB,2002-12,1.7
GB,2003-01,1.4
GB,2003-02,1.6
GB,2003-03,1.6
GB,2003-04,1.5
GB,2003-05,1.3
GB,2003-06,1.2
GB,2003-07,1.3
GB,2003-08,1.4
GB,2003-09,1.3
GB,2003-10,1.3
GB,2003-11,1.3
GB,2003-12,1.3
GB,2004-01,1.5
GB,2004-02,1.4
GB,2004-03,1.2
GB,2004-04,1.1
GB,2004-05,1.4
GB,2004-06,1.5
GB,2004-07,1.4
GB,2004-08,1.4
GB,2004-09,1.2
GB,2004-10,1.3
GB,2004-11,1.5
GB,2004-12,1.8
GB,2005-01,1.7
GB,2005-02,1.7
GB,2005-03,2.0
GB,2005-04,1.9
GB,2005-05,1.9
GB,2005-06,2.0
GB,2005-07,2.3
GB,2005-08,2.4
GB,2005-09,2.5
GB,2005-10,2.4
GB,2005-11,2.2
GB,2005-12,2.1
GB,2006-01,2.2
GB,2006-02,2.2
GB,2006-03,2.0
GB,2006-04,2.2
GB,2006-05,2.4
GB,2006-06,2.6
GB,2006-07,2.5
GB,2006-08,2.6
GB,2006-09,2.5
GB,2006-10,2.5
GB,2006-11,2.8
GB,2006-12,2.9
GB,2007-01,2.7
GB,2007-02,2.7
GB,2007-03,2.9
GB,2007-04,2.7
GB,2007-05,2.5
GB,2007-06,2.5
GB,2007-07,2.0
GB,2007-08,2.0
GB,2007-09,2.0
GB,2007-10,2.3
GB,2007-11,2.2
GB,2007-12,2.3
GB,2008-01,2.4
GB,2008-02,2.6
GB,2008-03,2.6
GB,2008-04,3.0
GB,2008-05,3.3
GB,2008-06,3.7
GB,2008-07,4.2
GB,2008-08,4.4
GB,2008-09,4.8
GB,2008-10,4.2
GB,2008-11,3.8
GB,2008-12,3.0
GB,2009-01,2.9
GB,2009-02,3.1
GB,2009-03,2.8
GB,2009-04,2.3
GB,2009-05,2.1
GB,2009-06,1.7
GB,2009-07,1.6
GB,2009-08,1.4
GB,2009-09,1.0
GB,2009-10,1.2
GB,2009-11,1.5
GB,2009-12,2.1
GB,2010-01,2.6
GB,2010-02,2.1
GB,2010-03,2.4
GB,2010-04,2.7
GB,2010-05,2.5
GB,2010-06,2.4
GB,2010-07,2.3
GB,2010-08,2.4
GB,2010-09,2.4
GB,2010-10,2.5
GB,2010-11,2.6
GB,2010-12,3.1
GB,2011-01,3.4
GB,2011-02,3.7
GB,2011-03,3.5
GB,2011-04,3.8
GB,2011-05,3.8
GB,2011-06,3.6
GB,2011-07,3.8
GB,2011-08,3.9
GB,2011-09,4.5
GB,2011-10,4.3
GB,2011-11,4.1
GB,2011-12,3.7
GB,2012-01,3.2
GB,2012-02,3.1
GB,2012-03,3.1
GB,2012-04,2.8
GB,2012-05,2.5
GB,2012-06,2.3
GB,2012-07,2.4
GB,2012-08,2.3
GB,2012-09,2.1
GB,2012-10,2.4
GB,2012-11,2.4
GB,2012-12,2.4
GB,2013-01,2.4
GB,2013-02,2.5
GB,2013-03,2.5
GB,2013-04,2.2
GB,2013-05,2.4
GB,2013-06,2.6
GB,2013-07,2.5
GB,2013-08,2.4
GB,2013-09,2.4
GB,2013-10,2.0
GB,2013-11,1.9
GB,2013-12,1.9
GB,2014-01,1.8
GB,2014-02,1.6
GB,2014-03,1.5
GB,2014-04,1.7
GB,2014-05,1.5
GB,2014-06,1.8
GB,2014-07,1.6
GB,2014-08,1.5
GB,2014-09,1.3
GB,2014-10,1.3
GB,2014-11,1.1
GB,2014-12,0.7
GB,2015-01,0.5
GB,2015-02,0.4
GB,2015-03,0.3
GB,2015-04,0.3
GB,2015-05,0.4
GB,2015-06,0.3
GB,2015-07,0.5
GB,2015-08,0.4
GB,2015-09,0.2
GB,2015-10,0.2
GB,2015-11,0.4
GB,2015-12,0.5
GB,2016-01,0.6
GB,2016-02,0.6
GB,2016-03,0.8
GB,2016-04,0.7
GB,2016-05,0.7
GB,2016-06,0.8
GB,2016-07,0.9
GB,2016-08,1.0
GB,2016-09,1.3
GB,2016-10,1.3
GB,2016-11,1.5
GB,2016-12,1.8
GB,2017-01,1.9
GB,2017-02,2.3
GB,2017-03,2.3
GB,2017-04,2.6
GB,2017-05,2.7
GB,2017-06,2.6
GB,2017-07,2.6
GB,2017-08,2.7
GB,2017-09,2.8
GB,2017-10,2.8
GB,2017-11,2.8
GB,2017-12,2.7
GB,2018-01,2.7
GB,2018-02,2.5
GB,2018-03,2.3
GB,2018-04,2.2
GB,2018-05,2.3
GB,2018-06,2.3
GB,2018-07,2.3
GB,2018-08,2.4
GB,2018-09,2.2
GB,2018-10,2.2
GB,2018-11,2.2
GB,2018-12,2.0
GB,2019-01,1.8
GB,2019-02,1.8
GB,2019-03,1.8
GB,2019-04,2.0
GB,2019-05,1.9
GB,2019-06,1.9
GB,2019-07,2.0
GB,2019-08,1.7
GB,2019-09,1.7
GB,2019-10,1.5
GB,2019-11,1.5
GB,2019-12,1.4
GB,2020-01,1.8
GB,2020-02,1.7
GB,2020-03,1.5
GB,2020-04,0.9
GB,2020-05,0.7
GB,2020-06,0.8
GB,2020-07,1.1
GB,2020-08,0.5
GB,2020-09,0.7
GB,2020-10,0.9
GB,2020-11,0.6
GB,2020-12,0.8
GB,2021-01,0.9
GB,2021-02,0.7
GB,2021-03,1.0
GB,2021-04,1.6
GB,2021-05,2.1
GB,2021-06,2.4
GB,2021-07,2.1
GB,2021-08,3.0
GB,2021-09,2.9
GB,2021-10,3.8
GB,2021-11,4.6
GB,2021-12,4.8
GB,2022-01,4.9
GB,2022-02,5.5
GB,2022-03,6.2
GB,2022-04,7.8
GB,2022-05,7.9
GB,2022-06,8.2
GB,2022-07,8.8
GB,2022-08,8.6
GB,2022-09,8.8
GB,2022-10,9.6
GB,2022-11,9.3
GB,2022-12,9.2
GB,2023-01,8.8
GB,2023-02,9.2
GB,2023-03,8.9
GB,2023-04,7.8
GB,2023-05,7.9
GB,2023-06,7.3
GB,2023-07,6.4
GB,2023-08,6.3
GB,2023-09,6.3
GB,2023-10,4.7
GB,2023-11,4.2
GB,2023-12,4.2
GB,2024-01,4.2
GB,2024-02,3.8
GB,2024-03,3.8
GB,2024-04,3.0
GB,2024-05,2.8
GB,2024-06,2.8
GB,2024-07,3.1
GB,2024-08,3.1
GB,2024-09,2.6
GB,2024-10,3.2
GB,2024-11,3.5
GB,2024-12,3.5
GB,2025-01,3.9
GB,2025-02,3.7
GB,2025-03,3.4
GB,2025-04,4.1
GB,2025-05,4.0
GB,2025-06,4.1
GB,2025-07,4.2
GB,2025-08,4.1
GB,2025-09,4.1
GB,2025-10,3.8
GB,2025-11,3.5
GB,2025-12,3.6
GB,2026-01,3.2
GB,2026-02,3.2
GB,2026-03,3.4
GB,2026-04,3.0
GB,2026-05,3.0
GB,2026-06,2.8
GB,2026-07,3.1
GB,2026-08,3.3
